avg_grid,avg_finish,avg_positions_gained,points_per_race,podium_rate,points_finish_rate,dnf_rate,avg_pitstops,avg_first_stop_pct,median_pit_time_s,avg_grid_drop
-0.0231,-0.1604,-0.1569,-0.2453,-0.4415,0.5824,-0.8027,-0.167,1.4776,-0.1549,-1.0034
-1.1805,-0.8085,-0.4325,0.8779,1.4779,0.5824,0.37,-0.5827,1.2805,0.2301,2.9904
-0.7733,-0.3018,-1.5255,-0.0093,-0.4415,0.5824,0.37,0.0408,-0.1602,2.1125,0.7194
0.7486,0.6643,-0.3646,-0.8802,-0.6334,-1.2991,-1.389,0.8722,-0.8506,0.7217,-0.6119
-1.77,-1.8453,-0.8534,2.2331,2.6296,1.3061,-1.389,1.08,0.8572,-2.0402,1.5025
1.3166,1.3006,0.1098,-0.8476,-0.6334,-1.2991,0.9563,-0.9984,-0.8728,0.4062,-0.5335
-0.9769,-0.726,-1.0123,0.3896,-0.4415,1.0167,-0.8027,-0.9984,1.1909,-0.3891,-0.4552
1.8632,1.9015,-0.5632,-0.9046,-0.6334,-1.5886,1.5426,0.0408,0.0402,0.6842,-2.0214
1.6381,1.6541,0.0727,-0.9046,-0.6334,-1.5886,-0.2163,-0.3748,-0.4297,1.5199,-1.4546
-0.8805,-0.9145,-0.8534,0.3977,0.1344,1.3061,-1.389,-0.5827,1.167,-0.0352,0.3279
0.0198,0.0163,-0.1524,-0.3023,-0.4415,0.4377,-0.2163,-1.8297,-0.5249,1.6066,-0.6902
-0.5589,-0.7731,1.1982,0.6419,0.3263,0.7272,-0.2163,0.2487,1.3364,-1.5117,2.9904
1.1558,0.6926,1.3732,-0.8151,-0.6334,-0.9517,-0.6854,-0.6866,1.7075,0.3064,-0.5727
-0.216,-0.5021,0.2056,0.0233,-0.4415,0.293,-1.389,-0.7905,0.1912,0.5356,-0.0637
0.5664,0.8764,-0.5632,-0.7744,-0.4415,-1.0096,1.5426,-0.5827,-0.7617,0.541,0.4845
-0.634,-1.0441,0.1075,0.4262,0.1344,1.3061,-1.9753,-0.9984,1.4735,0.5418,-0.5335
0.5878,0.3698,0.6129,-0.6279,-0.6334,-0.286,-0.2163,-1.414,1.3517,1.5603,-0.8468
0.6628,0.6879,-0.3375,-0.6441,-0.6334,-0.5754,0.37,-0.3748,-0.2429,0.7622,0.8761
-1.8236,-1.6568,-0.0624,2.2575,2.8215,1.1614,-0.2163,0.2487,1.0044,-0.2509,-0.0637
0.3628,0.3933,0.0091,-0.5546,-0.4415,-0.5754,0.9563,0.2487,0.8966,0.0726,0.4845
1.1839,0.8753,1.201,-0.8705,-0.6334,-1.1337,1.0959,-0.4144,-0.2192,-0.4754,-0.0599
-0.2803,0.087,0.6664,-0.2453,-0.6334,0.4377,1.5426,-0.7905,0.397,-1.1169,1.8158
0.1913,0.4051,0.506,-0.5221,-0.6334,-0.286,1.5426,-2.2454,1.9892,0.2824,-0.6119
0.4914,0.4994,0.2978,-0.7174,-0.6334,-0.7202,-0.2163,0.0408,-1.1417,1.102,0.1713
-0.9662,-1.162,0.5701,0.9919,1.0941,1.1614,-0.8027,-0.7905,0.9383,-0.0875,0.0146
1.6274,1.4773,0.311,-0.8883,-0.6334,-1.4438,0.9563,1.2879,-2.0119,1.4769,-2.0214
-1.5771,-1.3033,-0.1974,1.464,1.4779,1.1614,-0.2163,0.2487,0.2426,-0.5413,1.4242
0.5557,0.9353,-1.5507,-0.7337,-0.6334,-0.7202,0.9563,-1.2062,-0.3641,2.6425,0.8761
0.8236,1.006,-0.6926,-0.8069,-0.6334,-1.2991,-0.2163,-0.3748,-0.6471,1.3775,-0.7685
-0.6018,-0.455,-0.7984,0.0396,-0.4415,0.8719,-0.8027,0.0408,0.6649,0.5637,-0.142
0.2556,-0.4314,1.511,-0.1802,-0.6334,0.7272,-0.8027,-1.2062,0.8127,-0.5289,1.5809
-1.3627,-1.3269,-0.0624,1.464,1.4779,1.1614,-0.2163,0.0408,-0.3921,-0.6679,-0.4552
0.1913,0.5112,-1.0528,-0.6279,-0.6334,-0.5754,-0.2163,0.0408,0.2514,-1.3132,-1.395
-0.9876,-1.433,0.5722,1.2279,0.9021,1.3061,-1.389,0.2487,0.8379,0.1939,-0.2203
-1.3842,-0.6907,0.1852,0.9512,1.0941,0.7272,1.5426,-1.414,0.8726,-0.7176,1.4242
1.0808,0.3933,2.7288,-0.7581,-0.6334,-0.4307,-0.2163,0.4565,0.725,-0.6077,-1.16
0.8343,1.0532,0.1318,-0.8069,-0.6334,-1.0096,1.5426,0.8722,-1.0227,0.1038,0.5628
-1.695,-1.8218,0.228,2.6197,2.6296,1.3061,-0.8027,1.08,-0.114,-0.9383,1.2676
0.7197,0.239,1.4683,-0.5733,-0.6334,0.0035,-0.0404,-1.1438,0.3162,-0.868,-1.348
0.8772,0.9825,0.2607,-0.8558,-0.6334,-1.1544,0.9563,-1.2062,-0.1932,0.8822,-0.2986
0.3199,0.4876,-0.5276,-0.7011,-0.6334,-0.5754,0.37,-0.5827,-0.2584,0.6026,-0.9251
-0.8697,-1.0088,-0.7557,0.707,0.9021,1.1614,-0.8027,1.08,-0.3818,0.1425,-0.2986
0.77,0.8882,-1.0528,-0.8232,-0.6334,-1.0096,-0.2163,1.4957,-0.8126,-0.2172,-0.142
1.4152,1.3925,-0.1355,-0.9046,-0.6334,-1.5886,0.6045,-0.458,-0.2121,-0.6873,-0.6588
0.127,0.0399,0.1177,-0.4651,-0.4415,0.0035,-0.2163,0.4565,-0.4415,0.0835,0.0146
-1.0627,-1.1266,0.1852,0.8616,0.5182,1.3061,-0.8027,0.6644,0.302,-1.7246,-0.6119
0.4056,1.0414,-2.4236,-0.8558,-0.6334,-1.4438,-0.8027,1.9114,-0.9526,1.0869,0.1713
-1.3306,-0.5964,-0.8966,0.6012,0.5182,0.7272,0.9563,-1.6219,0.722,-0.5668,0.7194
1.0701,1.3124,-0.8966,-0.8802,-0.6334,-1.1544,0.9563,0.2487,-1.6075,0.6395,-0.0637
-0.6232,-0.6553,-0.9349,0.593,0.7102,0.7272,-1.389,2.1192,-1.7554,0.5713,-0.4552
0.1591,0.3462,0.841,-0.4488,-0.4415,0.1482,2.129,-0.167,-0.0156,-0.585,0.0146
-0.3124,-1.2091,3.3501,1.2116,1.0941,1.1614,-0.8027,2.1192,-0.6014,-1.0874,0.2496
-0.2267,0.0988,-1.2779,-0.2372,-0.2495,0.0035,-0.2163,0.0408,-0.8638,-0.1153,-0.5335
-0.9769,-0.6317,-0.3375,0.3733,-0.2495,0.8719,0.37,0.8722,0.3302,-1.9902,-0.2203
-1.1377,-0.7849,-1.6831,0.5442,-0.0576,1.0167,-0.2163,0.0408,-0.4557,-1.1295,0.5628
1.4667,1.3713,0.4418,-0.8965,-0.6334,-1.4438,2.129,0.6644,-1.9118,0.787,-0.8468
0.545,0.1695,1.6695,-0.3511,-0.6334,0.1482,0.9563,0.6644,-0.0673,-1.4876,0.6411
0.7593,0.6879,0.0277,-0.7907,-0.6334,-0.7202,-0.2163,1.08,-1.7845,-0.388,0.5628
-1.7486,-2.3991,0.5352,3.4093,3.3974,1.5956,-1.9753,1.2879,1.1598,-1.5929,0.1713
1.188,0.9118,0.6579,-0.8558,-0.6334,-1.1544,-0.2163,2.1192,-2.4657,-0.3229,-0.5335
