season,driver_code,driver_name,constructor_name,races,avg_grid,avg_finish,avg_positions_gained,points_per_race,podium_rate,points_finish_rate,dnf_rate,avg_pitstops,avg_first_stop_pct,median_pit_time_s,avg_grid_drop,label
2021,ALO,Fernando Alonso,Alpine F1 Team,22,10.5,9.9091,1.1,3.6818,0.0455,0.6818,0.0909,1.8636,0.3364,23.803,-0.5,ALO '21
2021,BOT,Valtteri Bottas,Mercedes,22,5.5909,7.4091,0.7778,9.9545,0.5,0.6818,0.1818,1.7727,0.329,24.0315,1.8182,BOT '21
2021,GAS,Pierre Gasly,AlphaTauri,22,7.3182,9.3636,-0.5,5.0,0.0455,0.6818,0.1818,1.9091,0.2747,25.1488,0.5,GAS '21
2021,GIO,Antonio Giovinazzi,Alfa Romeo,22,13.7727,13.0909,0.8571,0.1364,0.0,0.0909,0.0455,2.0909,0.2486,24.3233,-0.2727,GIO '21
2021,HAM,Lewis Hamilton,Mercedes,22,3.0909,3.4091,0.2857,17.5227,0.7727,0.9091,0.0455,2.1364,0.313,22.684,0.9545,HAM '21
2021,LAT,Nicholas Latifi,Williams,22,16.1818,15.5455,1.4118,0.3182,0.0,0.0909,0.2273,1.6818,0.2478,24.136,-0.2273,LAT '21
2021,LEC,Charles Leclerc,Ferrari,22,6.4545,7.7273,0.1,7.2273,0.0455,0.8182,0.0909,1.6818,0.3256,23.664,-0.1818,LEC '21
2021,MAZ,Nikita Mazepin,Haas F1 Team,22,18.5,17.8636,0.625,0.0,0.0,0.0,0.2727,1.9091,0.2822,24.301,-1.0909,MAZ '21
2021,MSC,Mick Schumacher,Haas F1 Team,22,17.5455,16.9091,1.3684,0.0,0.0,0.0,0.1364,1.8182,0.2645,24.797,-0.7619,MSC '21
2021,NOR,Lando Norris,McLaren,22,6.8636,7.0,0.2857,7.2727,0.1818,0.9091,0.0455,1.7727,0.3247,23.874,0.2727,NOR '21
2021,OCO,Esteban Ocon,Alpine F1 Team,22,10.6818,10.5909,1.1053,3.3636,0.0455,0.6364,0.1364,1.5,0.2609,24.8485,-0.3182,OCO '21
2021,PER,Sergio Pérez,Red Bull,22,8.2273,7.5455,2.6842,8.6364,0.2273,0.7273,0.1364,1.9545,0.3311,22.9977,1.8182,PER '21
2021,RAI,Kimi Räikkönen,Alfa Romeo,20,15.5,13.2,2.8889,0.5,0.0,0.2,0.1,1.75,0.3451,24.0768,-0.25,RAI '21
2021,RIC,Daniel Ricciardo,McLaren,22,9.6818,8.5909,1.5238,5.1818,0.0455,0.5909,0.0455,1.7273,0.2879,24.2128,0.0455,RIC '21
2021,RUS,George Russell,Williams,22,13.0,13.9091,0.625,0.7273,0.0455,0.1818,0.2727,1.7727,0.252,24.216,0.3636,RUS '21
2021,SAI,Carlos Sainz,Ferrari,22,7.9091,6.5,1.4091,7.4318,0.1818,0.9091,0.0,1.6818,0.3363,24.2165,-0.2273,SAI '21
2021,STR,Lance Stroll,Aston Martin,22,13.0909,11.9545,2.0,1.5455,0.0,0.4091,0.1364,1.5909,0.3317,24.821,-0.4091,STR '21
2021,TSU,Yuki Tsunoda,AlphaTauri,22,13.4091,13.1818,0.8889,1.4545,0.0,0.3182,0.1818,1.8182,0.2716,24.3473,0.5909,TSU '21
2021,VER,Max Verstappen,Red Bull,22,2.8636,4.1364,1.2105,17.6591,0.8182,0.8636,0.1364,1.9545,0.3186,23.746,0.0455,VER '21
2021,VET,Sebastian Vettel,Aston Martin,22,12.1364,12.0455,1.2941,1.9545,0.0455,0.3182,0.2273,1.9545,0.3145,23.938,0.3636,VET '21
2022,ALB,Alexander Albon,Williams,21,15.619,13.9048,2.6875,0.1905,0.0,0.1429,0.2381,1.8095,0.2725,23.6127,0.0476,ALB '22
2022,ALO,Fernando Alonso,Alpine F1 Team,22,9.4091,10.8636,2.0625,3.6818,0.0,0.6364,0.2727,1.7273,0.2957,23.232,1.1364,ALO '22
2022,BOT,Valtteri Bottas,Alfa Romeo,22,11.4091,12.0909,1.875,2.1364,0.0,0.4091,0.2727,1.4091,0.3557,24.0625,-0.2727,BOT '22
2022,GAS,Pierre Gasly,AlphaTauri,22,12.6818,12.4545,1.6316,1.0455,0.0,0.2727,0.1364,1.9091,0.2377,24.549,0.1818,GAS '22
2022,HAM,Lewis Hamilton,Mercedes,22,6.5,6.0455,1.95,10.5909,0.4091,0.8636,0.0909,1.7273,0.3161,23.843,0.0909,HAM '22
2022,LAT,Nicholas Latifi,Williams,22,17.5,16.2273,1.6471,0.0909,0.0,0.0455,0.2273,2.1818,0.2049,24.7715,-1.0909,LAT '22
2022,LEC,Charles Leclerc,Ferrari,22,3.9091,5.5,1.0526,13.2273,0.5,0.8636,0.1364,1.9545,0.2899,23.5737,0.9091,LEC '22
2022,MAG,Kevin Magnussen,Haas F1 Team,22,12.9545,14.1364,-0.5294,0.9545,0.0,0.2727,0.2273,1.6364,0.267,25.4633,0.5909,MAG '22
2022,MSC,Mick Schumacher,Haas F1 Team,22,14.0909,14.4091,0.4737,0.5455,0.0,0.0909,0.1364,1.8182,0.2563,24.7125,-0.3636,MSC '22
2022,NOR,Lando Norris,McLaren,22,8.0455,8.7727,0.35,5.2727,0.0455,0.7727,0.0909,1.9091,0.3058,24.2295,0.0,NOR '22
2022,OCO,Esteban Ocon,Alpine F1 Team,22,11.6818,8.8636,3.05,4.0455,0.0,0.7273,0.0909,1.6364,0.3114,23.581,1.0,OCO '22
2022,PER,Sergio Pérez,Red Bull,22,4.8182,5.4091,1.2105,13.2273,0.5,0.8636,0.1364,1.9091,0.2659,23.4985,-0.1818,PER '22
2022,RIC,Daniel Ricciardo,McLaren,22,11.4091,12.5,0.0526,1.5455,0.0,0.3182,0.1364,1.9091,0.2902,23.1155,-0.7273,RIC '22
2022,RUS,George Russell,Mercedes,22,6.4091,5.0,1.9524,11.9091,0.3636,0.9091,0.0455,1.9545,0.3123,24.01,-0.0455,RUS '22
2022,SAI,Carlos Sainz,Ferrari,22,4.7273,7.8636,1.5,10.3636,0.4091,0.7273,0.2727,1.5909,0.3136,23.469,0.9091,SAI '22
2022,STR,Lance Stroll,Aston Martin,22,15.1818,12.0455,4.4737,0.8182,0.0,0.3636,0.1364,2.0,0.308,23.5342,-0.5909,STR '22
2022,TSU,Yuki Tsunoda,AlphaTauri,22,14.1364,14.5909,1.4375,0.5455,0.0,0.1818,0.2727,2.0909,0.2422,23.9565,0.4091,TSU '22
2022,VER,Max Verstappen,Red Bull,22,3.4091,3.5,1.55,19.6818,0.7727,0.9091,0.0909,2.1364,0.2764,23.338,0.8182,VER '22
2022,VET,Sebastian Vettel,Aston Martin,20,13.65,11.45,3.0,1.85,0.0,0.5,0.15,1.65,0.2926,23.3798,-0.7,VET '22
2022,ZHO,Guanyu Zhou,Alfa Romeo,22,14.3182,14.3182,1.5882,0.2727,0.0,0.1364,0.2273,1.6364,0.2734,24.4185,-0.0909,ZHO '22
2023,ALB,Alexander Albon,Williams,22,11.9545,12.4091,0.6667,1.1364,0.0,0.3182,0.1818,1.7727,0.271,24.2526,-0.4545,ALB '23
2023,ALO,Fernando Alonso,Aston Martin,22,6.9091,6.6364,0.4,9.0,0.3636,0.8636,0.0909,2.1364,0.2663,23.9795,-0.0909,ALO '23
2023,BOT,Valtteri Bottas,Alfa Romeo,22,13.8636,13.9545,0.0526,0.4545,0.0,0.1818,0.1364,2.2273,0.2501,23.766,0.0,BOT '23
2023,DEV,Nyck de Vries,AlphaTauri,10,16.6,15.9,1.125,0.0,0.0,0.0,0.2,1.8,0.2727,23.487,-0.3,DEV '23
2023,GAS,Pierre Gasly,Alpine F1 Team,22,11.1364,10.6818,1.4211,2.4545,0.0455,0.5,0.1364,2.0,0.2641,23.9445,0.0909,GAS '23
2023,HAM,Lewis Hamilton,Mercedes,22,6.0909,6.1818,1.5,9.8636,0.2727,0.9091,0.0909,2.0455,0.2921,22.8713,-0.2727,HAM '23
2023,HUL,Nico Hülkenberg,Haas F1 Team,22,12.3182,14.5455,-1.55,0.2727,0.0,0.0455,0.0909,2.3182,0.2448,24.54,0.1818,HUL '23
2023,LEC,Charles Leclerc,Ferrari,22,4.9545,8.2273,0.2353,8.4091,0.2727,0.7273,0.2273,1.5455,0.3079,23.5585,0.5,LEC '23
2023,MAG,Kevin Magnussen,Haas F1 Team,22,15.1364,15.5909,0.2353,0.1364,0.0,0.1364,0.2273,1.9545,0.2201,24.2745,0.0455,MAG '23
2023,NOR,Lando Norris,McLaren,22,7.9545,8.0,0.1905,8.3636,0.3182,0.7273,0.0455,2.3636,0.2145,24.234,-0.1818,NOR '23
2023,OCO,Esteban Ocon,Alpine F1 Team,22,11.2727,11.8636,2.2667,2.5455,0.0455,0.5455,0.3182,1.8636,0.2801,23.5477,0.0909,OCO '23
2023,PER,Sergio Pérez,Red Bull,22,9.2727,5.8636,5.2,11.8182,0.4091,0.8636,0.0909,2.3636,0.258,23.2495,0.2273,PER '23
2023,PIA,Oscar Piastri,McLaren,22,9.6364,10.9091,-0.2105,3.7273,0.0909,0.5,0.1364,1.9091,0.2482,23.8265,-0.2273,PIA '23
2023,RUS,George Russell,Mercedes,22,6.4545,8.0909,0.8889,7.1364,0.0909,0.7727,0.1818,2.0909,0.2932,22.7137,-0.0455,RUS '23
2023,SAI,Carlos Sainz,Ferrari,22,5.7727,7.5,-0.6842,8.0909,0.1364,0.8182,0.1364,1.9091,0.2635,23.2245,0.4091,SAI '23
2023,SAR,Logan Sargeant,Williams,22,16.8182,15.8182,1.8,0.0455,0.0,0.0455,0.3182,2.0455,0.2086,24.362,-0.4091,SAR '23
2023,STR,Lance Stroll,Aston Martin,22,12.9091,11.1818,3.2353,3.0909,0.0,0.5455,0.2273,2.0455,0.2782,23.012,0.4545,STR '23
2023,TSU,Yuki Tsunoda,AlphaTauri,22,13.8182,13.1818,1.3158,0.6364,0.0,0.2727,0.1364,2.1364,0.2134,23.6646,0.4091,TSU '23
2023,VER,Max Verstappen,Red Bull,22,3.1818,1.2727,1.9091,24.0909,0.9545,1.0,0.0,2.1818,0.3244,22.9495,0.1818,VER '23
2023,ZHO,Guanyu Zhou,Alfa Romeo,22,15.6364,14.0455,2.0526,0.2727,0.0,0.1364,0.1364,2.3636,0.1878,23.7032,-0.2273,ZHO '23
