season,round,race_name,driver_code,constructor_name,did_not_finish,rainfall,PC1,PC2,PC3
2021,1,Bahrain Grand Prix,HAM,Mercedes,False,False,-3.5993,-0.6575,-0.0399
2021,1,Bahrain Grand Prix,VER,Red Bull,False,False,-3.2466,-0.6965,-0.1052
2021,1,Bahrain Grand Prix,BOT,Mercedes,False,False,-2.6094,-0.8026,-0.6097
2021,1,Bahrain Grand Prix,NOR,McLaren,False,False,-1.5851,-0.983,-0.6797
2021,1,Bahrain Grand Prix,PER,Red Bull,False,False,0.2547,-0.7363,0.6593
2021,1,Bahrain Grand Prix,LEC,Ferrari,False,False,-1.6794,-0.8782,-1.2812
2021,1,Bahrain Grand Prix,RIC,McLaren,False,False,-1.1185,-0.9294,-1.0782
2021,1,Bahrain Grand Prix,SAI,Ferrari,False,False,-0.5703,-0.9827,-0.8069
2021,1,Bahrain Grand Prix,TSU,AlphaTauri,False,False,0.5126,-0.8409,0.5784
2021,1,Bahrain Grand Prix,STR,Aston Martin,False,False,0.177,-0.9782,-0.9459
2021,1,Bahrain Grand Prix,RAI,Alfa Romeo,False,False,0.9916,-0.7819,0.4167
2021,1,Bahrain Grand Prix,GIO,Alfa Romeo,False,False,0.8221,-0.8433,-0.1698
2021,1,Bahrain Grand Prix,OCO,Alpine F1 Team,False,False,1.5516,-1.0554,-0.4078
2021,1,Bahrain Grand Prix,RUS,Williams,False,False,1.4496,-0.7674,0.2151
2021,1,Bahrain Grand Prix,VET,Aston Martin,False,False,2.1457,-1.057,1.805
2021,1,Bahrain Grand Prix,MSC,Haas F1 Team,False,False,2.2368,-0.8657,0.4583
2021,1,Bahrain Grand Prix,GAS,AlphaTauri,True,False,0.1926,-0.4985,-2.6408
2021,1,Bahrain Grand Prix,LAT,Williams,True,False,2.2374,-0.7494,0.0165
2021,1,Bahrain Grand Prix,ALO,Alpine F1 Team,True,False,1.4229,-0.5169,-2.6208
2021,2,Emilia Romagna Grand Prix,VER,Red Bull,False,True,-3.4495,-3.2307,0.3362
2021,2,Emilia Romagna Grand Prix,HAM,Mercedes,False,True,-3.1916,-3.3703,-1.2199
2021,2,Emilia Romagna Grand Prix,NOR,McLaren,False,True,-1.9043,-3.5808,-0.2196
2021,2,Emilia Romagna Grand Prix,LEC,Ferrari,False,True,-2.1411,-3.2823,0.0885
2021,2,Emilia Romagna Grand Prix,SAI,Ferrari,False,True,-0.7065,-3.3892,0.8705
2021,2,Emilia Romagna Grand Prix,RIC,McLaren,False,True,-1.2943,-3.6456,-0.8748
2021,2,Emilia Romagna Grand Prix,GAS,AlphaTauri,False,True,-1.0547,-3.5858,-2.928
2021,2,Emilia Romagna Grand Prix,STR,Aston Martin,False,True,-0.1992,-3.3399,-0.1151
2021,2,Emilia Romagna Grand Prix,OCO,Alpine F1 Team,False,True,0.1326,-3.5815,-4.4802
2021,2,Emilia Romagna Grand Prix,ALO,Alpine F1 Team,False,True,1.2325,-3.8956,-0.0785
2021,2,Emilia Romagna Grand Prix,PER,Red Bull,False,True,-0.8776,-3.8929,-2.2742
2021,2,Emilia Romagna Grand Prix,TSU,AlphaTauri,False,True,2.1514,-3.6887,-0.1203
2021,2,Emilia Romagna Grand Prix,RAI,Alfa Romeo,False,True,1.5241,-3.3573,0.1481
2021,2,Emilia Romagna Grand Prix,GIO,Alfa Romeo,False,True,1.8317,-3.3875,-0.3228
2021,2,Emilia Romagna Grand Prix,VET,Aston Martin,True,True,2.2153,-3.535,-2.8643
2021,2,Emilia Romagna Grand Prix,MSC,Haas F1 Team,False,True,2.5388,-4.0004,-3.6079
2021,2,Emilia Romagna Grand Prix,MAZ,Haas F1 Team,False,True,2.6465,-3.8566,-2.9848
2021,2,Emilia Romagna Grand Prix,BOT,Mercedes,True,True,1.231,-2.8224,-1.061
2021,2,Emilia Romagna Grand Prix,RUS,Williams,True,True,2.0168,-2.8518,-0.712
2021,3,Portuguese Grand Prix,HAM,Mercedes,False,False,-3.5039,0.5446,-1.0829
2021,3,Portuguese Grand Prix,VER,Red Bull,False,False,-2.7403,0.2762,-2.4634
2021,3,Portuguese Grand Prix,BOT,Mercedes,False,False,-2.8721,0.3339,-2.8355
2021,3,Portuguese Grand Prix,PER,Red Bull,False,False,-2.0398,0.5419,-1.191
2021,3,Portuguese Grand Prix,NOR,McLaren,False,False,-1.2999,0.4892,-0.9062
2021,3,Portuguese Grand Prix,LEC,Ferrari,False,False,-0.9078,0.4787,-0.8862
2021,3,Portuguese Grand Prix,OCO,Alpine F1 Team,False,False,-1.0384,0.5336,-1.2613
2021,3,Portuguese Grand Prix,ALO,Alpine F1 Team,False,False,0.3879,0.4179,-0.4256
2021,3,Portuguese Grand Prix,RIC,McLaren,False,False,1.1438,0.3284,-0.1774
2021,3,Portuguese Grand Prix,GAS,AlphaTauri,False,False,0.0662,0.5139,-1.1832
2021,3,Portuguese Grand Prix,SAI,Ferrari,False,False,-0.4739,0.5998,-1.8279
2021,3,Portuguese Grand Prix,GIO,Alfa Romeo,False,False,0.854,0.4636,-1.0324
2021,3,Portuguese Grand Prix,VET,Aston Martin,False,False,0.5814,0.5394,-1.3743
2021,3,Portuguese Grand Prix,STR,Aston Martin,False,False,1.8831,0.4047,-0.5452
2021,3,Portuguese Grand Prix,TSU,AlphaTauri,False,False,1.4507,0.4689,-1.0519
2021,3,Portuguese Grand Prix,RUS,Williams,False,False,1.0264,0.5145,-1.5771
2021,3,Portuguese Grand Prix,MSC,Haas F1 Team,False,False,2.5065,0.4073,-0.5995
2021,3,Portuguese Grand Prix,LAT,Williams,False,False,2.4159,0.4434,-0.8273
2021,3,Portuguese Grand Prix,MAZ,Haas F1 Team,False,False,2.8883,0.1539,-2.032
2021,4,Spanish Grand Prix,HAM,Mercedes,False,False,-3.8606,-0.3244,0.5094
2021,4,Spanish Grand Prix,VER,Red Bull,False,False,-3.1754,-0.2914,0.3096
2021,4,Spanish Grand Prix,BOT,Mercedes,False,False,-2.6545,-0.2659,0.2935
2021,4,Spanish Grand Prix,LEC,Ferrari,False,False,-2.2215,-0.3506,0.5314
2021,4,Spanish Grand Prix,PER,Red Bull,False,False,-1.3063,-0.401,0.9122
2021,4,Spanish Grand Prix,RIC,McLaren,False,False,-1.2479,-0.3488,0.5687
2021,4,Spanish Grand Prix,SAI,Ferrari,False,False,-1.192,-0.2643,0.1978
2021,4,Spanish Grand Prix,NOR,McLaren,False,False,-0.4324,-0.33,0.497
2021,4,Spanish Grand Prix,OCO,Alpine F1 Team,False,False,-0.9191,-0.2723,0.3306
2021,4,Spanish Grand Prix,GAS,AlphaTauri,False,False,0.5573,-0.4654,0.2848
2021,4,Spanish Grand Prix,STR,Aston Martin,False,False,0.432,-0.3024,0.4154
2021,4,Spanish Grand Prix,RAI,Alfa Romeo,False,False,1.46,-0.6433,2.2922
2021,4,Spanish Grand Prix,VET,Aston Martin,False,False,0.9677,-0.3368,0.4073
2021,4,Spanish Grand Prix,RUS,Williams,False,False,1.4644,-0.1959,0.0288
2021,4,Spanish Grand Prix,GIO,Alfa Romeo,False,False,1.6243,-0.7113,-0.8077
2021,4,Spanish Grand Prix,LAT,Williams,False,False,2.3585,-0.2652,-0.1602
2021,4,Spanish Grand Prix,ALO,Alpine F1 Team,False,False,0.7907,-0.24,-0.3984
2021,4,Spanish Grand Prix,MSC,Haas F1 Team,False,False,2.2791,-0.4198,0.6262
2021,4,Spanish Grand Prix,MAZ,Haas F1 Team,False,False,2.7102,-0.42,0.7627
2021,5,Monaco Grand Prix,VER,Red Bull,False,False,-3.6851,-0.4053,1.1263
2021,5,Monaco Grand Prix,SAI,Ferrari,False,False,-2.7718,-0.4266,1.1571
2021,5,Monaco Grand Prix,NOR,McLaren,False,False,-2.3092,-0.4015,1.1055
2021,5,Monaco Grand Prix,PER,Red Bull,False,False,-1.3417,-0.5583,1.6859
2021,5,Monaco Grand Prix,VET,Aston Martin,False,False,-1.2825,-0.4712,1.2948
2021,5,Monaco Grand Prix,GAS,AlphaTauri,False,False,-1.4057,-0.4109,0.8747
2021,5,Monaco Grand Prix,HAM,Mercedes,False,False,-1.0615,-0.3834,0.3757
2021,5,Monaco Grand Prix,STR,Aston Martin,False,False,0.1288,-0.8427,2.6572
2021,5,Monaco Grand Prix,OCO,Alpine F1 Team,False,False,0.0964,-0.5418,1.4683
2021,5,Monaco Grand Prix,GIO,Alfa Romeo,False,False,0.1006,-0.4809,1.0571
2021,5,Monaco Grand Prix,RAI,Alfa Romeo,False,False,0.8964,-0.6607,1.8791
2021,5,Monaco Grand Prix,RIC,McLaren,False,False,0.674,-0.5432,1.226
2021,5,Monaco Grand Prix,ALO,Alpine F1 Team,False,False,1.5734,-0.7127,2.1674
2021,5,Monaco Grand Prix,RUS,Williams,False,False,1.3728,-0.4878,1.2681
2021,5,Monaco Grand Prix,LAT,Williams,False,False,1.9234,-0.6805,2.031
2021,5,Monaco Grand Prix,TSU,AlphaTauri,False,False,1.5838,-0.9229,2.4313
2021,5,Monaco Grand Prix,MAZ,Haas F1 Team,False,False,2.3629,-0.5976,1.5377
2021,6,Azerbaijan Grand Prix,PER,Red Bull,False,False,-2.8727,0.4698,0.3704
2021,6,Azerbaijan Grand Prix,VET,Aston Martin,False,False,-1.5906,0.3267,1.1949
2021,6,Azerbaijan Grand Prix,GAS,AlphaTauri,False,False,-2.47,0.6026,-0.2731
2021,6,Azerbaijan Grand Prix,LEC,Ferrari,False,False,-2.6944,0.7158,-0.9039
2021,6,Azerbaijan Grand Prix,NOR,McLaren,False,False,-1.3233,0.594,-0.1701
2021,6,Azerbaijan Grand Prix,ALO,Alpine F1 Team,False,False,-0.9079,0.6043,-0.8221
2021,6,Azerbaijan Grand Prix,TSU,AlphaTauri,False,False,-0.9114,0.6191,-0.4169
2021,6,Azerbaijan Grand Prix,SAI,Ferrari,False,False,-1.1323,0.6537,-0.7667
2021,6,Azerbaijan Grand Prix,RIC,McLaren,False,False,0.4653,0.4886,0.2502
2021,6,Azerbaijan Grand Prix,RAI,Alfa Romeo,False,False,0.7847,0.1979,-0.4483
2021,6,Azerbaijan Grand Prix,GIO,Alfa Romeo,False,False,2.076,0.523,-0.0818
2021,6,Azerbaijan Grand Prix,BOT,Mercedes,False,False,0.384,0.4639,-0.5784
2021,6,Azerbaijan Grand Prix,MSC,Haas F1 Team,False,False,1.7266,0.4546,-0.8808
2021,6,Azerbaijan Grand Prix,MAZ,Haas F1 Team,False,False,2.018,0.3937,-1.334
2021,6,Azerbaijan Grand Prix,HAM,Mercedes,False,False,-0.7771,0.723,-1.879
2021,6,Azerbaijan Grand Prix,LAT,Williams,False,False,1.782,0.1335,-0.6708
2021,6,Azerbaijan Grand Prix,RUS,Williams,True,False,1.8439,0.4386,-2.3978
2021,6,Azerbaijan Grand Prix,VER,Red Bull,True,False,-0.2232,0.7535,-1.1743
2021,7,French Grand Prix,VER,Red Bull,False,False,-3.7698,-0.0584,0.0338
2021,7,French Grand Prix,HAM,Mercedes,False,False,-3.0008,-0.1101,0.5623
2021,7,French Grand Prix,PER,Red Bull,False,False,-2.4091,-0.2133,1.0083
2021,7,French Grand Prix,BOT,Mercedes,False,False,-2.2402,-0.0841,0.3349
2021,7,French Grand Prix,NOR,McLaren,False,False,-1.1995,-0.3024,1.2811
2021,7,French Grand Prix,RIC,McLaren,False,False,-0.5935,-0.1611,1.012
2021,7,French Grand Prix,GAS,AlphaTauri,False,False,-1.062,-0.1201,0.3905
2021,7,French Grand Prix,ALO,Alpine F1 Team,False,False,-0.3222,-0.2057,0.7167
2021,7,French Grand Prix,VET,Aston Martin,False,False,0.2943,-0.6033,2.068
2021,7,French Grand Prix,STR,Aston Martin,False,False,1.6768,-0.6716,2.7344
2021,7,French Grand Prix,SAI,Ferrari,False,False,-0.4993,-0.0497,-0.172
2021,7,French Grand Prix,RUS,Williams,False,False,1.1648,-0.1868,0.9214
2021,7,French Grand Prix,TSU,AlphaTauri,False,False,2.3914,-0.2763,1.6155
2021,7,French Grand Prix,OCO,Alpine F1 Team,False,False,0.7477,-0.3152,0.9288
2021,7,French Grand Prix,GIO,Alfa Romeo,False,False,1.185,-0.3565,1.0839
2021,7,French Grand Prix,LEC,Ferrari,False,False,0.3462,0.0273,-1.1162
2021,7,French Grand Prix,RAI,Alfa Romeo,False,False,2.0282,-0.5323,1.6724
2021,7,French Grand Prix,LAT,Williams,False,False,2.0095,-0.165,0.6612
2021,7,French Grand Prix,MSC,Haas F1 Team,False,False,1.9655,-0.1369,0.2026
2021,7,French Grand Prix,MAZ,Haas F1 Team,False,False,2.4633,-0.468,1.41
2021,8,Styrian Grand Prix,VER,Red Bull,False,False,-3.8523,2.0661,1.1332
2021,8,Styrian Grand Prix,HAM,Mercedes,False,False,-3.0669,1.8132,-0.2493
2021,8,Styrian Grand Prix,BOT,Mercedes,False,False,-2.5583,2.0157,1.2078
2021,8,Styrian Grand Prix,PER,Red Bull,False,False,-2.062,1.7923,-0.3385
2021,8,Styrian Grand Prix,NOR,McLaren,False,False,-2.0575,2.0138,0.9654
2021,8,Styrian Grand Prix,SAI,Ferrari,False,False,-0.4189,1.7273,2.4599
2021,8,Styrian Grand Prix,LEC,Ferrari,False,False,-0.7925,2.0242,-1.4626
2021,8,Styrian Grand Prix,STR,Aston Martin,False,False,-0.3602,1.9948,1.3319
2021,8,Styrian Grand Prix,ALO,Alpine F1 Team,False,False,-0.3076,2.0318,1.037
2021,8,Styrian Grand Prix,TSU,AlphaTauri,False,False,0.0261,2.0108,1.1776
2021,8,Styrian Grand Prix,RAI,Alfa Romeo,False,False,1.6024,1.7312,2.5051
2021,8,Styrian Grand Prix,VET,Aston Martin,False,False,1.0407,1.9362,1.4867
2021,8,Styrian Grand Prix,RIC,McLaren,False,False,0.8851,1.7762,1.8389
2021,8,Styrian Grand Prix,OCO,Alpine F1 Team,False,False,1.6839,1.7849,2.0737
2021,8,Styrian Grand Prix,GIO,Alfa Romeo,False,False,1.4821,2.0188,1.1692
2021,8,Styrian Grand Prix,MSC,Haas F1 Team,False,False,2.2514,1.7792,1.9578
2021,8,Styrian Grand Prix,LAT,Williams,False,False,2.0405,2.0115,-1.2968
2021,8,Styrian Grand Prix,MAZ,Haas F1 Team,False,False,2.6752,1.9476,1.3632
2021,8,Styrian Grand Prix,RUS,Williams,True,False,2.0303,1.7465,-1.6974
2021,9,Austrian Grand Prix,VER,Red Bull,False,True,-3.952,-0.2234,0.6182
2021,9,Austrian Grand Prix,BOT,Mercedes,False,True,-2.6535,-0.2736,1.4233
2021,9,Austrian Grand Prix,NOR,McLaren,False,True,-2.8057,-0.3957,0.7125
2021,9,Austrian Grand Prix,HAM,Mercedes,False,True,-2.2378,-0.2449,0.5832
2021,9,Austrian Grand Prix,SAI,Ferrari,False,True,-0.9906,-0.6119,2.501
2021,9,Austrian Grand Prix,PER,Red Bull,False,True,-1.9925,-0.2462,0.7506
2021,9,Austrian Grand Prix,RIC,McLaren,False,True,-0.0359,-0.3705,1.8716
2021,9,Austrian Grand Prix,LEC,Ferrari,False,True,-0.0143,-0.4104,1.8326
2021,9,Austrian Grand Prix,GAS,AlphaTauri,False,True,-0.7082,0.0012,-0.4766
2021,9,Austrian Grand Prix,ALO,Alpine F1 Team,False,True,0.7543,-0.4446,1.725
2021,9,Austrian Grand Prix,RUS,Williams,False,True,-0.0549,-0.2544,0.7982
2021,9,Austrian Grand Prix,TSU,AlphaTauri,False,True,-0.0896,-0.0381,-0.7915
2021,9,Austrian Grand Prix,STR,Aston Martin,False,True,0.3812,-0.0121,-0.4269
2021,9,Austrian Grand Prix,GIO,Alfa Romeo,False,True,1.5217,-0.0277,-0.3844
2021,9,Austrian Grand Prix,RAI,Alfa Romeo,False,True,1.557,-0.4703,1.7245
2021,9,Austrian Grand Prix,LAT,Williams,False,True,1.9957,-0.4159,1.7533
2021,9,Austrian Grand Prix,VET,Aston Martin,True,True,0.7216,-0.0043,-0.5447
2021,9,Austrian Grand Prix,MSC,Haas F1 Team,False,True,2.3634,-0.4397,1.6876
2021,9,Austrian Grand Prix,MAZ,Haas F1 Team,False,True,2.6967,-0.3898,0.8799
2021,10,British Grand Prix,HAM,Mercedes,False,False,-3.3226,1.8528,-1.0098
2021,10,British Grand Prix,LEC,Ferrari,False,False,-2.519,2.234,-0.4459
2021,10,British Grand Prix,BOT,Mercedes,False,False,-2.4107,2.2711,-0.6914
2021,10,British Grand Prix,NOR,McLaren,False,False,-1.6394,2.1135,-0.639
2021,10,British Grand Prix,RIC,McLaren,False,False,-1.292,2.206,-0.5165
2021,10,British Grand Prix,SAI,Ferrari,False,False,-0.4195,1.8389,-0.4546
2021,10,British Grand Prix,ALO,Alpine F1 Team,False,False,-0.4098,2.1612,-0.5585
2021,10,British Grand Prix,STR,Aston Martin,False,False,0.7403,2.1002,0.2365
2021,10,British Grand Prix,OCO,Alpine F1 Team,False,False,0.3586,2.1765,-0.4824
2021,10,British Grand Prix,TSU,AlphaTauri,False,False,1.3849,2.0535,0.2256
2021,10,British Grand Prix,GAS,AlphaTauri,False,False,0.7738,1.9502,-1.8419
2021,10,British Grand Prix,RUS,Williams,False,False,0.5904,2.2317,-0.6052
2021,10,British Grand Prix,GIO,Alfa Romeo,False,False,1.4582,2.1598,-0.2321
2021,10,British Grand Prix,LAT,Williams,False,False,2.0527,2.1444,0.0121
2021,10,British Grand Prix,RAI,Alfa Romeo,False,False,1.711,2.2019,-0.5597
2021,10,British Grand Prix,PER,Red Bull,False,False,1.5144,1.9106,-1.9913
2021,10,British Grand Prix,MAZ,Haas F1 Team,False,False,2.6801,2.079,-0.0777
2021,10,British Grand Prix,MSC,Haas F1 Team,False,False,2.5926,2.1078,-0.3129
2021,10,British Grand Prix,VET,Aston Martin,True,False,1.3048,2.5012,-1.9831
2021,11,Hungarian Grand Prix,OCO,Alpine F1 Team,False,True,-2.3429,-0.0459,-1.2908
2021,11,Hungarian Grand Prix,HAM,Mercedes,False,True,-3.122,0.4292,-2.558
2021,11,Hungarian Grand Prix,SAI,Ferrari,False,True,-0.2653,-0.2304,-0.6839
2021,11,Hungarian Grand Prix,ALO,Alpine F1 Team,False,True,-1.0668,0.0049,-1.499
2021,11,Hungarian Grand Prix,GAS,AlphaTauri,False,True,-1.6069,-0.0763,-3.4228
2021,11,Hungarian Grand Prix,TSU,AlphaTauri,False,True,0.6131,-0.1818,-0.857
2021,11,Hungarian Grand Prix,LAT,Williams,False,True,1.1721,-0.1974,-0.6887
2021,11,Hungarian Grand Prix,RUS,Williams,False,True,1.1389,0.0131,-0.7555
2021,11,Hungarian Grand Prix,VER,Red Bull,False,True,-1.0349,0.3614,-3.7602
2021,11,Hungarian Grand Prix,RAI,Alfa Romeo,False,True,0.9441,-0.2956,-3.0589
2021,11,Hungarian Grand Prix,RIC,McLaren,False,True,0.6751,0.0927,-1.9832
2021,11,Hungarian Grand Prix,MSC,Haas F1 Team,False,True,2.3413,-0.1229,-0.9278
2021,11,Hungarian Grand Prix,GIO,Alfa Romeo,False,True,2.0321,-0.04,-2.1052
2021,11,Hungarian Grand Prix,MAZ,Haas F1 Team,True,True,3.5223,1.2699,-0.2607
2021,11,Hungarian Grand Prix,NOR,McLaren,True,True,1.5749,1.0248,-2.1269
2021,11,Hungarian Grand Prix,VET,Aston Martin,True,True,1.3028,0.0738,-3.1194
2021,13,Dutch Grand Prix,VER,Red Bull,False,False,-3.8561,-0.1098,-0.6013
2021,13,Dutch Grand Prix,HAM,Mercedes,False,False,-3.1724,0.1282,-0.3257
2021,13,Dutch Grand Prix,BOT,Mercedes,False,False,-2.7034,-0.0796,0.5989
2021,13,Dutch Grand Prix,GAS,AlphaTauri,False,False,-2.2326,0.0478,0.8507
2021,13,Dutch Grand Prix,LEC,Ferrari,False,False,-1.8818,-0.1113,1.269
2021,13,Dutch Grand Prix,ALO,Alpine F1 Team,False,False,-0.9728,-0.1495,1.667
2021,13,Dutch Grand Prix,SAI,Ferrari,False,False,-1.2452,-0.0988,1.0251
2021,13,Dutch Grand Prix,PER,Red Bull,False,False,1.2554,-0.229,0.5462
2021,13,Dutch Grand Prix,OCO,Alpine F1 Team,False,False,-0.4786,-0.0795,1.1053
2021,13,Dutch Grand Prix,NOR,McLaren,False,False,0.5076,-0.3616,2.0756
2021,13,Dutch Grand Prix,RIC,McLaren,False,False,0.179,-0.0908,1.1128
2021,13,Dutch Grand Prix,STR,Aston Martin,False,False,0.6426,-0.0655,1.1409
2021,13,Dutch Grand Prix,VET,Aston Martin,False,False,1.515,-0.0948,-0.5166
2021,13,Dutch Grand Prix,GIO,Alfa Romeo,False,False,-0.0234,-0.1828,-1.0764
2021,13,Dutch Grand Prix,KUB,Alfa Romeo,False,False,1.7077,-0.3092,1.9537
2021,13,Dutch Grand Prix,LAT,Williams,False,False,1.9773,-0.1565,1.5488
2021,13,Dutch Grand Prix,RUS,Williams,True,False,0.9825,-0.3071,-0.9476
2021,13,Dutch Grand Prix,MSC,Haas F1 Team,False,False,2.5071,-0.387,-1.4103
2021,13,Dutch Grand Prix,TSU,AlphaTauri,True,False,2.0804,0.1127,0.4531
2021,13,Dutch Grand Prix,MAZ,Haas F1 Team,True,False,3.0721,0.076,0.8541
2021,14,Italian Grand Prix,RIC,McLaren,False,False,-3.454,1.6364,1.2651
2021,14,Italian Grand Prix,NOR,McLaren,False,False,-2.841,1.5814,1.2887
2021,14,Italian Grand Prix,BOT,Mercedes,False,False,-1.4275,1.3138,2.8943
2021,14,Italian Grand Prix,LEC,Ferrari,False,False,-1.7587,1.5013,1.4692
2021,14,Italian Grand Prix,PER,Red Bull,False,False,-1.2024,1.4839,1.7257
2021,14,Italian Grand Prix,SAI,Ferrari,False,False,-1.325,1.5202,1.3322
2021,14,Italian Grand Prix,STR,Aston Martin,False,False,-0.3998,1.4616,1.6002
2021,14,Italian Grand Prix,ALO,Alpine F1 Team,False,False,-0.0089,1.4538,1.6229
2021,14,Italian Grand Prix,RUS,Williams,False,False,0.7146,1.3975,2.0684
2021,14,Italian Grand Prix,OCO,Alpine F1 Team,False,False,0.7001,1.2254,1.5053
2021,14,Italian Grand Prix,LAT,Williams,False,False,1.0354,1.4862,1.6107
2021,14,Italian Grand Prix,VET,Aston Martin,False,False,0.5642,1.5291,0.5544
2021,14,Italian Grand Prix,GIO,Alfa Romeo,False,False,0.4721,1.7065,-1.4563
2021,14,Italian Grand Prix,KUB,Alfa Romeo,False,False,1.8837,1.378,1.976
2021,14,Italian Grand Prix,MSC,Haas F1 Team,False,False,1.9917,1.427,1.7817
2021,14,Italian Grand Prix,MAZ,Haas F1 Team,True,False,2.464,1.2993,-0.6678
2021,14,Italian Grand Prix,HAM,Mercedes,True,False,0.2874,2.2755,-0.1782
2021,14,Italian Grand Prix,VER,Red Bull,True,False,0.3207,1.8831,-1.7615
2021,15,Russian Grand Prix,HAM,Mercedes,False,True,-3.2597,-2.1048,-0.0844
2021,15,Russian Grand Prix,VER,Red Bull,False,True,0.0706,-2.4251,1.8969
2021,15,Russian Grand Prix,SAI,Ferrari,False,True,-2.6833,-1.8497,-1.3108
2021,15,Russian Grand Prix,RIC,McLaren,False,True,-1.9034,-2.1066,-0.6418
2021,15,Russian Grand Prix,BOT,Mercedes,False,True,-0.6293,-2.297,0.8933
2021,15,Russian Grand Prix,ALO,Alpine F1 Team,False,True,-1.4095,-2.3019,0.1101
2021,15,Russian Grand Prix,NOR,McLaren,False,True,-2.0622,-2.0713,-1.1376
2021,15,Russian Grand Prix,RAI,Alfa Romeo,False,True,0.6245,-2.0273,-0.2519
2021,15,Russian Grand Prix,PER,Red Bull,False,True,-0.2647,-2.4471,-0.0647
2021,15,Russian Grand Prix,RUS,Williams,False,True,-0.9652,-1.8033,-2.0457
2021,15,Russian Grand Prix,STR,Aston Martin,False,True,0.0532,-2.0443,-1.8313
2021,15,Russian Grand Prix,VET,Aston Martin,False,True,0.5051,-2.1296,-0.5679
2021,15,Russian Grand Prix,GAS,AlphaTauri,False,True,0.7189,-2.2674,-0.1427
2021,15,Russian Grand Prix,OCO,Alpine F1 Team,False,True,0.5838,-1.9123,-1.5421
2021,15,Russian Grand Prix,LEC,Ferrari,False,True,1.8573,-2.4754,0.6465
2021,15,Russian Grand Prix,GIO,Alfa Romeo,False,True,2.0159,-2.4565,0.4805
2021,15,Russian Grand Prix,TSU,AlphaTauri,False,True,1.3857,-2.1011,-2.8625
2021,15,Russian Grand Prix,MAZ,Haas F1 Team,False,True,2.2604,-1.9813,-1.1518
2021,15,Russian Grand Prix,LAT,Williams,True,True,2.2288,-1.6208,0.1819
2021,15,Russian Grand Prix,MSC,Haas F1 Team,True,True,2.5693,-1.4919,-0.2738
2021,16,Turkish Grand Prix,BOT,Mercedes,False,False,-3.9705,-2.9233,2.36
2021,16,Turkish Grand Prix,VER,Red Bull,False,False,-3.1807,-2.9012,2.3074
2021,16,Turkish Grand Prix,PER,Red Bull,False,False,-2.2077,-2.9884,2.7728
2021,16,Turkish Grand Prix,LEC,Ferrari,False,False,-2.4815,-3.1329,2.7178
2021,16,Turkish Grand Prix,HAM,Mercedes,False,False,-1.8546,-3.2512,3.5595
2021,16,Turkish Grand Prix,GAS,AlphaTauri,False,False,-1.7393,-3.1951,2.021
2021,16,Turkish Grand Prix,NOR,McLaren,False,False,-1.0654,-2.944,2.2692
2021,16,Turkish Grand Prix,SAI,Ferrari,False,False,0.8695,-3.364,3.5462
2021,16,Turkish Grand Prix,STR,Aston Martin,False,False,-0.2962,-3.4623,1.9998
2021,16,Turkish Grand Prix,GIO,Alfa Romeo,False,False,1.3086,-3.1713,3.346
2021,16,Turkish Grand Prix,RAI,Alfa Romeo,False,False,1.5841,-3.1286,3.228
2021,16,Turkish Grand Prix,RIC,McLaren,False,False,1.7618,-2.8718,2.5586
2021,16,Turkish Grand Prix,TSU,AlphaTauri,False,False,0.2951,-2.9153,1.825
2021,16,Turkish Grand Prix,RUS,Williams,False,False,0.9907,-2.9863,2.2258
2021,16,Turkish Grand Prix,ALO,Alpine F1 Team,False,False,-0.1114,-2.9322,0.6347
2021,16,Turkish Grand Prix,LAT,Williams,False,False,1.6932,-3.0136,2.2798
2021,16,Turkish Grand Prix,VET,Aston Martin,False,False,0.8335,-3.1457,0.2622
2021,16,Turkish Grand Prix,MSC,Haas F1 Team,False,False,1.5097,-3.0287,2.1296
2021,16,Turkish Grand Prix,MAZ,Haas F1 Team,False,False,2.4817,-3.0338,2.4197
2021,17,United States Grand Prix,VER,Red Bull,False,False,-3.7338,0.6972,-0.1958
2021,17,United States Grand Prix,HAM,Mercedes,False,False,-3.09,0.6251,-0.0512
2021,17,United States Grand Prix,PER,Red Bull,False,False,-2.5554,0.6239,-0.1046
2021,17,United States Grand Prix,LEC,Ferrari,False,False,-2.0172,0.6237,-0.0489
2021,17,United States Grand Prix,RIC,McLaren,False,False,-1.4433,0.6052,0.0463
2021,17,United States Grand Prix,BOT,Mercedes,False,False,-1.2459,0.5133,0.3832
2021,17,United States Grand Prix,SAI,Ferrari,False,False,-1.1642,0.6088,-0.3493
2021,17,United States Grand Prix,NOR,McLaren,False,False,-0.5959,0.6034,-0.241
2021,17,United States Grand Prix,TSU,AlphaTauri,False,False,0.067,0.6348,-0.0122
2021,17,United States Grand Prix,VET,Aston Martin,False,False,1.0533,0.345,1.1816
2021,17,United States Grand Prix,GIO,Alfa Romeo,False,False,0.81,0.6277,0.0154
2021,17,United States Grand Prix,STR,Aston Martin,False,False,1.1796,0.4372,0.6343
2021,17,United States Grand Prix,RAI,Alfa Romeo,False,False,1.6542,0.4981,0.4698
2021,17,United States Grand Prix,RUS,Williams,False,False,1.9372,0.4935,0.6577
2021,17,United States Grand Prix,LAT,Williams,False,False,1.7529,0.5241,-0.3703
2021,17,United States Grand Prix,MSC,Haas F1 Team,False,False,2.1146,0.5385,0.2237
2021,17,United States Grand Prix,MAZ,Haas F1 Team,False,False,2.487,0.6385,-0.8486
2021,17,United States Grand Prix,ALO,Alpine F1 Team,True,False,2.2739,0.7029,-0.6096
2021,17,United States Grand Prix,OCO,Alpine F1 Team,True,False,1.7611,0.7149,-1.8865
2021,17,United States Grand Prix,GAS,AlphaTauri,True,False,1.8594,1.276,-1.8484
2021,18,Mexico City Grand Prix,VER,Red Bull,False,False,-3.5281,1.0914,1.4572
2021,18,Mexico City Grand Prix,HAM,Mercedes,False,False,-3.1237,1.1576,0.9942
2021,18,Mexico City Grand Prix,PER,Red Bull,False,False,-2.5471,0.9829,1.6072
2021,18,Mexico City Grand Prix,GAS,AlphaTauri,False,False,-2.0402,1.0834,1.233
2021,18,Mexico City Grand Prix,LEC,Ferrari,False,False,-1.3044,1.0648,1.4964
2021,18,Mexico City Grand Prix,SAI,Ferrari,False,False,-1.4699,0.9581,1.5953
2021,18,Mexico City Grand Prix,VET,Aston Martin,False,False,-0.5139,1.018,1.5569
2021,18,Mexico City Grand Prix,RAI,Alfa Romeo,False,False,-0.1154,1.0173,1.5313
2021,18,Mexico City Grand Prix,ALO,Alpine F1 Team,False,False,0.613,0.8264,1.9762
2021,18,Mexico City Grand Prix,NOR,McLaren,False,False,0.7268,0.7511,2.602
2021,18,Mexico City Grand Prix,GIO,Alfa Romeo,False,False,0.7366,1.2569,0.7123
2021,18,Mexico City Grand Prix,RIC,McLaren,False,False,0.0876,1.2871,-1.42
2021,18,Mexico City Grand Prix,OCO,Alpine F1 Team,False,False,1.7137,1.1483,1.278
2021,18,Mexico City Grand Prix,STR,Aston Martin,False,False,2.3924,1.1091,0.7552
2021,18,Mexico City Grand Prix,BOT,Mercedes,False,False,-0.6996,1.3899,-4.2245
2021,18,Mexico City Grand Prix,RUS,Williams,False,False,1.5321,1.2728,0.6674
2021,18,Mexico City Grand Prix,LAT,Williams,False,False,1.7579,1.3354,-0.3535
2021,18,Mexico City Grand Prix,MAZ,Haas F1 Team,False,False,2.2172,1.2485,-0.1628
2021,19,São Paulo Grand Prix,HAM,Mercedes,False,False,-2.9212,1.0985,-0.3621
2021,19,São Paulo Grand Prix,VER,Red Bull,False,False,-2.9843,1.2313,-1.3261
2021,19,São Paulo Grand Prix,BOT,Mercedes,False,False,-2.698,1.2464,-1.5303
2021,19,São Paulo Grand Prix,PER,Red Bull,False,False,-2.0945,0.9525,-2.6616
2021,19,São Paulo Grand Prix,LEC,Ferrari,False,False,-1.4156,1.1754,-1.1177
2021,19,São Paulo Grand Prix,SAI,Ferrari,False,False,-1.5397,1.2234,-1.5897
2021,19,São Paulo Grand Prix,GAS,AlphaTauri,False,False,-1.0337,1.1743,-1.3361
2021,19,São Paulo Grand Prix,OCO,Alpine F1 Team,False,False,-0.2463,1.1645,-0.6446
2021,19,São Paulo Grand Prix,ALO,Alpine F1 Team,False,False,0.2312,1.1262,-0.3503
2021,19,São Paulo Grand Prix,NOR,McLaren,False,False,-0.3102,1.3107,-2.5562
2021,19,São Paulo Grand Prix,VET,Aston Martin,False,False,0.48,1.1623,-1.3622
2021,19,São Paulo Grand Prix,RAI,Alfa Romeo,False,False,1.7839,0.981,-0.1291
2021,19,São Paulo Grand Prix,RUS,Williams,False,False,1.8753,1.0352,-0.6014
2021,19,São Paulo Grand Prix,GIO,Alfa Romeo,False,False,1.3366,1.1341,-1.1399
2021,19,São Paulo Grand Prix,TSU,AlphaTauri,False,False,1.5166,1.042,-1.8406
2021,19,São Paulo Grand Prix,LAT,Williams,False,False,1.9431,1.0956,-0.9707
2021,19,São Paulo Grand Prix,MAZ,Haas F1 Team,False,False,2.5353,1.0737,-0.1602
2021,19,São Paulo Grand Prix,MSC,Haas F1 Team,False,False,2.5747,0.9263,-1.5959
2021,19,São Paulo Grand Prix,RIC,McLaren,True,False,1.4544,1.4528,-1.9238
2021,19,São Paulo Grand Prix,STR,Aston Martin,True,False,2.4421,1.4083,-1.5517
2021,20,Qatar Grand Prix,HAM,Mercedes,False,True,-3.774,-0.4906,0.1117
2021,20,Qatar Grand Prix,VER,Red Bull,False,True,-2.6445,-0.796,-0.7596
2021,20,Qatar Grand Prix,ALO,Alpine F1 Team,False,True,-2.4581,-0.6423,0.9052
2021,20,Qatar Grand Prix,PER,Red Bull,False,True,-0.9227,-0.6831,1.1108
2021,20,Qatar Grand Prix,OCO,Alpine F1 Team,False,True,-1.0999,-0.7331,1.4888
2021,20,Qatar Grand Prix,STR,Aston Martin,False,True,-0.346,-0.7872,1.7032
2021,20,Qatar Grand Prix,SAI,Ferrari,False,True,-1.2,-0.699,0.9337
2021,20,Qatar Grand Prix,LEC,Ferrari,False,True,0.2353,-0.8436,1.8305
2021,20,Qatar Grand Prix,NOR,McLaren,False,True,-0.8678,-0.8554,-0.9092
2021,20,Qatar Grand Prix,VET,Aston Martin,False,True,0.1141,-0.7313,1.1364
2021,20,Qatar Grand Prix,GAS,AlphaTauri,False,True,-0.8499,-0.3406,-1.1646
2021,20,Qatar Grand Prix,RIC,McLaren,False,True,1.0414,-0.782,1.4722
2021,20,Qatar Grand Prix,TSU,AlphaTauri,False,True,0.2226,-0.6103,-1.6732
2021,20,Qatar Grand Prix,RAI,Alfa Romeo,False,True,1.6842,-0.7647,-0.6413
2021,20,Qatar Grand Prix,GIO,Alfa Romeo,False,True,2.0759,-0.6293,0.6348
2021,20,Qatar Grand Prix,MSC,Haas F1 Team,False,True,2.2755,-0.7762,1.527
2021,20,Qatar Grand Prix,RUS,Williams,False,True,1.8133,-0.7428,-0.0585
2021,20,Qatar Grand Prix,MAZ,Haas F1 Team,False,True,2.6003,-0.9401,1.88
2021,20,Qatar Grand Prix,LAT,Williams,True,True,2.351,-0.5567,0.6078
2021,20,Qatar Grand Prix,BOT,Mercedes,True,True,0.3939,-0.9246,-0.6907
2021,21,Saudi Arabian Grand Prix,HAM,Mercedes,False,False,-3.8467,0.1162,-0.5304
2021,21,Saudi Arabian Grand Prix,BOT,Mercedes,False,False,-2.753,0.0739,-0.7084
2021,21,Saudi Arabian Grand Prix,LEC,Ferrari,False,False,-1.4837,0.1147,-0.8588
2021,21,Saudi Arabian Grand Prix,NOR,McLaren,False,False,-0.3687,0.0712,-0.8045
2021,21,Saudi Arabian Grand Prix,STR,Aston Martin,False,False,1.7908,-0.3335,0.2844
2021,21,Saudi Arabian Grand Prix,LAT,Williams,False,False,1.4773,-0.1986,0.0802
2021,21,Saudi Arabian Grand Prix,ALO,Alpine F1 Team,False,False,1.0454,-0.2247,-1.6716
2021,21,Saudi Arabian Grand Prix,TSU,AlphaTauri,False,False,0.3242,-0.1927,-1.1685
2021,21,Saudi Arabian Grand Prix,RAI,Alfa Romeo,False,False,1.2035,-0.4936,-0.965
2021,21,Saudi Arabian Grand Prix,PER,Red Bull,True,False,0.9154,0.6928,-2.2882
2021,21,Saudi Arabian Grand Prix,RUS,Williams,True,False,2.6487,0.565,-1.3346
2021,22,Abu Dhabi Grand Prix,VER,Red Bull,False,False,-3.8516,-0.1448,-0.5455
2021,22,Abu Dhabi Grand Prix,HAM,Mercedes,False,False,-3.1065,-0.1969,0.4888
2021,22,Abu Dhabi Grand Prix,SAI,Ferrari,False,False,-2.3205,-0.3541,1.0024
2021,22,Abu Dhabi Grand Prix,TSU,AlphaTauri,False,False,-1.5101,-0.7043,0.1433
2021,22,Abu Dhabi Grand Prix,GAS,AlphaTauri,False,False,-0.6749,-0.9903,1.2307
2021,22,Abu Dhabi Grand Prix,BOT,Mercedes,False,False,-1.4964,-0.5132,1.3683
2021,22,Abu Dhabi Grand Prix,NOR,McLaren,False,False,-1.6938,-0.458,-1.154
2021,22,Abu Dhabi Grand Prix,ALO,Alpine F1 Team,False,False,-0.2329,-0.6813,2.1289
2021,22,Abu Dhabi Grand Prix,OCO,Alpine F1 Team,False,False,-0.2359,-0.285,0.6699
2021,22,Abu Dhabi Grand Prix,LEC,Ferrari,False,False,-0.4003,-0.4728,-1.0533
2021,22,Abu Dhabi Grand Prix,VET,Aston Martin,False,False,1.0547,-0.5026,1.6826
2021,22,Abu Dhabi Grand Prix,RIC,McLaren,False,False,0.3547,-0.3046,0.114
2021,22,Abu Dhabi Grand Prix,STR,Aston Martin,False,False,0.9607,-0.6714,-0.2981
2021,22,Abu Dhabi Grand Prix,MSC,Haas F1 Team,False,False,2.1352,-0.3341,0.7017
2021,22,Abu Dhabi Grand Prix,PER,Red Bull,True,False,-0.3837,-0.1587,-1.3748
2021,22,Abu Dhabi Grand Prix,LAT,Williams,True,False,1.8148,-0.4552,1.3769
2021,22,Abu Dhabi Grand Prix,GIO,Alfa Romeo,True,False,2.0368,-0.0481,-0.0032
2021,22,Abu Dhabi Grand Prix,RAI,Alfa Romeo,True,False,3.0686,-0.0783,0.3377
2022,1,Bahrain Grand Prix,LEC,Ferrari,False,False,-3.8113,0.4197,-0.5473
2022,1,Bahrain Grand Prix,SAI,Ferrari,False,False,-2.8441,0.413,-0.4764
2022,1,Bahrain Grand Prix,HAM,Mercedes,False,False,-2.1715,0.1558,-1.3619
2022,1,Bahrain Grand Prix,RUS,Mercedes,False,False,-1.2152,0.0142,-0.7425
2022,1,Bahrain Grand Prix,MAG,Haas F1 Team,False,False,-1.3419,0.3162,-0.3404
2022,1,Bahrain Grand Prix,BOT,Alfa Romeo,False,False,-1.3028,0.3598,-0.5732
2022,1,Bahrain Grand Prix,OCO,Alpine F1 Team,False,False,-0.1909,-0.0163,-0.9038
2022,1,Bahrain Grand Prix,TSU,AlphaTauri,False,False,0.8531,0.1845,0.6093
2022,1,Bahrain Grand Prix,ALO,Alpine F1 Team,False,False,-0.2841,0.1782,-1.6231
2022,1,Bahrain Grand Prix,ZHO,Alfa Romeo,False,False,1.0738,0.1695,0.2014
2022,1,Bahrain Grand Prix,MSC,Haas F1 Team,False,False,0.6853,0.3201,0.08
2022,1,Bahrain Grand Prix,STR,Aston Martin,False,False,1.9778,0.0799,0.7054
2022,1,Bahrain Grand Prix,ALB,Williams,False,False,1.2136,0.3034,-0.2944
2022,1,Bahrain Grand Prix,RIC,McLaren,False,False,1.973,-0.0693,-0.4865
2022,1,Bahrain Grand Prix,NOR,McLaren,False,False,1.1607,-0.1046,-0.9161
2022,1,Bahrain Grand Prix,LAT,Williams,False,False,2.4942,0.221,0.2814
2022,1,Bahrain Grand Prix,HUL,Aston Martin,False,False,2.0603,0.1346,-0.0303
2022,1,Bahrain Grand Prix,PER,Red Bull,True,False,-0.0895,0.5509,-2.0336
2022,1,Bahrain Grand Prix,VER,Red Bull,True,False,-0.2966,0.6429,-2.5028
2022,1,Bahrain Grand Prix,GAS,AlphaTauri,True,False,1.4106,0.351,-2.1368
2022,2,Saudi Arabian Grand Prix,VER,Red Bull,False,False,-3.3492,-0.2105,1.1742
2022,2,Saudi Arabian Grand Prix,LEC,Ferrari,False,False,-3.2059,-0.1743,0.7558
2022,2,Saudi Arabian Grand Prix,SAI,Ferrari,False,False,-2.6734,-0.2022,0.7461
2022,2,Saudi Arabian Grand Prix,PER,Red Bull,False,False,-2.7443,-0.0966,0.3366
2022,2,Saudi Arabian Grand Prix,RUS,Mercedes,False,False,-1.6517,-0.2379,0.9187
2022,2,Saudi Arabian Grand Prix,OCO,Alpine F1 Team,False,False,-1.6109,-0.1983,0.6818
2022,2,Saudi Arabian Grand Prix,NOR,McLaren,False,False,-0.3642,-0.2796,1.3982
2022,2,Saudi Arabian Grand Prix,GAS,AlphaTauri,False,False,-0.4486,-0.2962,0.8734
2022,2,Saudi Arabian Grand Prix,MAG,Haas F1 Team,False,False,-0.2091,-0.7274,2.2051
2022,2,Saudi Arabian Grand Prix,HAM,Mercedes,False,False,0.8663,-0.8583,2.9926
2022,2,Saudi Arabian Grand Prix,ZHO,Alfa Romeo,False,False,0.7181,-0.3951,0.4766
2022,2,Saudi Arabian Grand Prix,HUL,Aston Martin,False,False,1.4637,-0.803,2.8913
2022,2,Saudi Arabian Grand Prix,STR,Aston Martin,False,False,1.1414,-0.258,0.8112
2022,2,Saudi Arabian Grand Prix,ALB,Williams,True,False,1.6902,-0.2151,1.087
2022,2,Saudi Arabian Grand Prix,BOT,Alfa Romeo,True,False,0.638,-0.0079,-0.8195
2022,2,Saudi Arabian Grand Prix,ALO,Alpine F1 Team,True,False,0.5391,0.0669,-0.5389
2022,2,Saudi Arabian Grand Prix,RIC,McLaren,True,False,1.7044,0.1395,-0.196
2022,3,Australian Grand Prix,LEC,Ferrari,False,False,-3.9786,1.0125,1.1012
2022,3,Australian Grand Prix,PER,Red Bull,False,False,-3.0101,1.0327,1.1323
2022,3,Australian Grand Prix,RUS,Mercedes,False,False,-2.2062,0.8948,1.5295
2022,3,Australian Grand Prix,HAM,Mercedes,False,False,-2.098,0.9624,1.2465
2022,3,Australian Grand Prix,NOR,McLaren,False,False,-2.0465,1.0379,0.9098
2022,3,Australian Grand Prix,RIC,McLaren,False,False,-1.3048,0.9509,1.2282
2022,3,Australian Grand Prix,OCO,Alpine F1 Team,False,False,-0.8754,0.9754,1.0118
2022,3,Australian Grand Prix,BOT,Alfa Romeo,False,False,-0.0032,0.8462,1.7129
2022,3,Australian Grand Prix,GAS,AlphaTauri,False,False,0.0553,0.8752,1.3976
2022,3,Australian Grand Prix,ALB,Williams,False,False,1.2318,0.0761,4.1803
2022,3,Australian Grand Prix,ZHO,Alfa Romeo,False,False,0.8701,0.857,1.6062
2022,3,Australian Grand Prix,STR,Aston Martin,False,False,2.0634,1.0678,0.2587
2022,3,Australian Grand Prix,MSC,Haas F1 Team,False,False,1.2869,0.9689,1.1389
2022,3,Australian Grand Prix,MAG,Haas F1 Team,False,False,1.4899,0.5254,2.467
2022,3,Australian Grand Prix,TSU,AlphaTauri,False,False,1.0781,0.9838,0.8971
2022,3,Australian Grand Prix,LAT,Williams,False,False,2.1624,0.9941,0.744
2022,3,Australian Grand Prix,ALO,Alpine F1 Team,False,False,0.632,0.7095,0.8543
2022,3,Australian Grand Prix,VER,Red Bull,True,False,-0.1235,1.4692,-1.3338
2022,4,Emilia Romagna Grand Prix,VER,Red Bull,False,False,-3.808,-3.3968,-1.1215
2022,4,Emilia Romagna Grand Prix,PER,Red Bull,False,False,-2.4929,-3.4319,-0.9457
2022,4,Emilia Romagna Grand Prix,NOR,McLaren,False,False,-2.41,-3.2216,0.4266
2022,4,Emilia Romagna Grand Prix,RUS,Mercedes,False,False,-0.8923,-3.3586,1.0822
2022,4,Emilia Romagna Grand Prix,BOT,Alfa Romeo,False,False,-1.1301,-3.6226,0.1146
2022,4,Emilia Romagna Grand Prix,LEC,Ferrari,False,False,-1.9446,-3.4616,-2.2093
2022,4,Emilia Romagna Grand Prix,TSU,AlphaTauri,False,False,0.2692,-3.3398,1.0122
2022,4,Emilia Romagna Grand Prix,VET,Aston Martin,False,False,-0.0203,-3.3035,0.7632
2022,4,Emilia Romagna Grand Prix,MAG,Haas F1 Team,False,False,-0.6237,-3.3264,-0.087
2022,4,Emilia Romagna Grand Prix,STR,Aston Martin,False,False,1.0904,-3.4207,0.869
2022,4,Emilia Romagna Grand Prix,ALB,Williams,False,False,1.9106,-3.3956,1.2384
2022,4,Emilia Romagna Grand Prix,GAS,AlphaTauri,False,False,1.6441,-3.3422,0.9643
2022,4,Emilia Romagna Grand Prix,HAM,Mercedes,False,False,1.1535,-3.3656,0.4012
2022,4,Emilia Romagna Grand Prix,OCO,Alpine F1 Team,False,False,1.9087,-3.3635,0.7261
2022,4,Emilia Romagna Grand Prix,ZHO,Alfa Romeo,False,False,2.0121,-3.4362,0.9937
2022,4,Emilia Romagna Grand Prix,LAT,Williams,False,False,2.25,-3.3727,0.8295
2022,4,Emilia Romagna Grand Prix,MSC,Haas F1 Team,False,False,1.062,-3.4307,-1.7369
2022,4,Emilia Romagna Grand Prix,RIC,McLaren,False,False,0.3841,-3.0644,-3.6708
2022,5,Miami Grand Prix,VER,Red Bull,False,True,-3.6311,1.2161,1.6244
2022,5,Miami Grand Prix,LEC,Ferrari,False,True,-3.3337,1.2649,1.0681
2022,5,Miami Grand Prix,SAI,Ferrari,False,True,-2.8565,1.1189,1.154
2022,5,Miami Grand Prix,PER,Red Bull,False,True,-2.2583,1.2246,0.9244
2022,5,Miami Grand Prix,RUS,Mercedes,False,True,-0.7415,0.8217,3.0369
2022,5,Miami Grand Prix,HAM,Mercedes,False,True,-1.4621,1.2717,1.1997
2022,5,Miami Grand Prix,BOT,Alfa Romeo,False,True,-1.4281,1.2038,1.1318
2022,5,Miami Grand Prix,OCO,Alpine F1 Team,False,True,1.294,0.6777,3.8209
2022,5,Miami Grand Prix,ALB,Williams,False,True,1.3265,1.1266,2.1132
2022,5,Miami Grand Prix,STR,Aston Martin,False,True,0.8976,0.7412,3.3807
2022,5,Miami Grand Prix,ALO,Alpine F1 Team,False,True,0.4463,1.2479,0.8579
2022,5,Miami Grand Prix,TSU,AlphaTauri,False,True,0.1997,1.2199,-0.9759
2022,5,Miami Grand Prix,RIC,McLaren,False,True,1.0432,0.7966,0.57
2022,5,Miami Grand Prix,LAT,Williams,False,True,1.9399,0.8799,2.698
2022,5,Miami Grand Prix,MSC,Haas F1 Team,False,True,1.579,1.0733,0.2741
2022,5,Miami Grand Prix,MAG,Haas F1 Team,True,True,1.7785,1.3304,0.3977
2022,5,Miami Grand Prix,VET,Aston Martin,True,True,1.8954,0.7995,2.7114
2022,5,Miami Grand Prix,GAS,AlphaTauri,True,True,0.6247,1.3867,-1.8815
2022,5,Miami Grand Prix,NOR,McLaren,True,True,0.9991,1.6251,-0.5742
2022,6,Spanish Grand Prix,VER,Red Bull,False,False,-3.528,3.8477,-0.3042
2022,6,Spanish Grand Prix,PER,Red Bull,False,False,-2.5466,3.7446,0.1439
2022,6,Spanish Grand Prix,RUS,Mercedes,False,False,-2.3396,3.8138,-0.3142
2022,6,Spanish Grand Prix,SAI,Ferrari,False,False,-2.2154,3.8941,-0.6955
2022,6,Spanish Grand Prix,HAM,Mercedes,False,False,-1.3868,3.8761,-0.9125
2022,6,Spanish Grand Prix,BOT,Alfa Romeo,False,False,-1.1178,3.7455,0.2751
2022,6,Spanish Grand Prix,OCO,Alpine F1 Team,False,False,-0.0124,3.6949,0.2966
2022,6,Spanish Grand Prix,NOR,McLaren,False,False,0.0391,3.7363,0.002
2022,6,Spanish Grand Prix,ALO,Alpine F1 Team,False,False,1.6018,3.5958,0.8734
2022,6,Spanish Grand Prix,TSU,AlphaTauri,False,False,0.7856,3.7344,-0.0245
2022,6,Spanish Grand Prix,VET,Aston Martin,False,False,1.3821,3.5349,1.2287
2022,6,Spanish Grand Prix,RIC,McLaren,False,False,0.321,3.8534,-0.7467
2022,6,Spanish Grand Prix,GAS,AlphaTauri,False,False,1.3035,3.7212,-0.2815
2022,6,Spanish Grand Prix,MSC,Haas F1 Team,False,False,0.6549,3.7928,-0.3026
2022,6,Spanish Grand Prix,STR,Aston Martin,False,False,2.0503,3.6412,0.148
2022,6,Spanish Grand Prix,LAT,Williams,False,False,2.5037,3.6748,0.2264
2022,6,Spanish Grand Prix,MAG,Haas F1 Team,False,False,0.698,3.6806,-2.3402
2022,6,Spanish Grand Prix,ALB,Williams,False,False,2.5333,3.7257,-0.6694
2022,6,Spanish Grand Prix,ZHO,Alfa Romeo,True,False,2.7057,4.1724,-0.507
2022,6,Spanish Grand Prix,LEC,Ferrari,True,False,0.3098,4.3511,-1.9636
2022,7,Monaco Grand Prix,PER,Red Bull,False,True,-3.3911,-1.3495,-2.0132
2022,7,Monaco Grand Prix,SAI,Ferrari,False,True,-3.0711,-0.932,0.1151
2022,7,Monaco Grand Prix,VER,Red Bull,False,True,-2.3528,-1.472,-2.1419
2022,7,Monaco Grand Prix,LEC,Ferrari,False,True,-2.5965,-1.1577,-1.8181
2022,7,Monaco Grand Prix,RUS,Mercedes,False,True,-1.5716,-1.248,-0.5671
2022,7,Monaco Grand Prix,NOR,McLaren,False,True,-1.532,-1.3581,-2.8179
2022,7,Monaco Grand Prix,ALO,Alpine F1 Team,False,True,-0.9743,-1.2182,-0.6299
2022,7,Monaco Grand Prix,HAM,Mercedes,False,True,-0.5212,-1.3721,-2.234
2022,7,Monaco Grand Prix,BOT,Alfa Romeo,False,True,0.3474,-1.086,0.5615
2022,7,Monaco Grand Prix,VET,Aston Martin,False,True,0.0673,-1.0029,-1.9056
2022,7,Monaco Grand Prix,GAS,AlphaTauri,False,True,1.7273,-1.0954,-0.533
2022,7,Monaco Grand Prix,OCO,Alpine F1 Team,False,True,0.3757,-1.2362,-0.7773
2022,7,Monaco Grand Prix,RIC,McLaren,False,True,1.175,-1.072,0.3664
2022,7,Monaco Grand Prix,STR,Aston Martin,False,True,2.1387,-1.4081,-2.7965
2022,7,Monaco Grand Prix,LAT,Williams,False,True,2.4945,-1.5808,-2.9588
2022,7,Monaco Grand Prix,ZHO,Alfa Romeo,False,True,2.4913,-1.3708,0.0245
2022,7,Monaco Grand Prix,TSU,AlphaTauri,False,True,1.1383,-1.4413,-4.5609
2022,7,Monaco Grand Prix,ALB,Williams,True,True,2.3761,-1.2145,-1.726
2022,7,Monaco Grand Prix,MSC,Haas F1 Team,True,True,2.9009,-0.8147,-2.7357
2022,8,Azerbaijan Grand Prix,VER,Red Bull,False,False,-3.4789,0.9122,0.6906
2022,8,Azerbaijan Grand Prix,PER,Red Bull,False,False,-3.1269,0.916,0.2391
2022,8,Azerbaijan Grand Prix,RUS,Mercedes,False,False,-2.2455,1.0846,0.1919
2022,8,Azerbaijan Grand Prix,HAM,Mercedes,False,False,-1.6044,1.0329,0.3181
2022,8,Azerbaijan Grand Prix,GAS,AlphaTauri,False,False,-1.5571,0.9992,0.5208
2022,8,Azerbaijan Grand Prix,VET,Aston Martin,False,False,-0.8563,1.0367,0.8954
2022,8,Azerbaijan Grand Prix,ALO,Alpine F1 Team,False,False,-0.518,0.8403,1.4244
2022,8,Azerbaijan Grand Prix,RIC,McLaren,False,False,-0.0314,0.4755,2.4018
2022,8,Azerbaijan Grand Prix,NOR,McLaren,False,False,0.0924,0.7712,1.4174
2022,8,Azerbaijan Grand Prix,OCO,Alpine F1 Team,False,False,0.5247,0.447,2.2872
2022,8,Azerbaijan Grand Prix,BOT,Alfa Romeo,False,False,1.0247,0.4907,2.4791
2022,8,Azerbaijan Grand Prix,ALB,Williams,False,False,1.6725,0.8485,0.6683
2022,8,Azerbaijan Grand Prix,TSU,AlphaTauri,False,False,0.3382,0.4868,-1.7828
2022,8,Azerbaijan Grand Prix,MSC,Haas F1 Team,False,False,2.3781,0.7754,0.8348
2022,8,Azerbaijan Grand Prix,LAT,Williams,False,False,2.1725,0.9034,0.0822
2022,8,Azerbaijan Grand Prix,STR,Aston Martin,True,False,2.2867,0.5442,2.1957
2022,8,Azerbaijan Grand Prix,MAG,Haas F1 Team,True,False,2.3865,1.2471,0.081
2022,8,Azerbaijan Grand Prix,ZHO,Alfa Romeo,True,False,2.3637,1.3564,-0.5605
2022,8,Azerbaijan Grand Prix,LEC,Ferrari,True,False,0.2527,1.644,-2.462
2022,9,Canadian Grand Prix,VER,Red Bull,False,False,-3.7207,1.0325,-0.4033
2022,9,Canadian Grand Prix,SAI,Ferrari,False,False,-2.9317,0.8237,0.1659
2022,9,Canadian Grand Prix,HAM,Mercedes,False,False,-2.3655,0.994,-0.2645
2022,9,Canadian Grand Prix,RUS,Mercedes,False,False,-1.4318,0.7768,0.5655
2022,9,Canadian Grand Prix,LEC,Ferrari,False,False,0.2573,0.1884,3.1661
2022,9,Canadian Grand Prix,OCO,Alpine F1 Team,False,False,-1.1562,0.7885,0.1779
2022,9,Canadian Grand Prix,BOT,Alfa Romeo,False,False,-0.3879,0.2398,2.3203
2022,9,Canadian Grand Prix,ZHO,Alfa Romeo,False,False,-0.21,0.7739,0.3777
2022,9,Canadian Grand Prix,ALO,Alpine F1 Team,False,False,-1.4157,0.8023,-0.4383
2022,9,Canadian Grand Prix,STR,Aston Martin,False,False,1.3229,0.2064,2.7642
2022,9,Canadian Grand Prix,RIC,McLaren,False,False,0.1727,0.7458,-0.1599
2022,9,Canadian Grand Prix,VET,Aston Martin,False,False,1.5794,0.9142,0.216
2022,9,Canadian Grand Prix,ALB,Williams,False,False,0.8255,0.8198,0.0967
2022,9,Canadian Grand Prix,GAS,AlphaTauri,False,False,1.5764,0.9554,-0.1173
2022,9,Canadian Grand Prix,NOR,McLaren,False,False,1.4888,0.439,-0.1404
2022,9,Canadian Grand Prix,LAT,Williams,False,False,2.2999,0.7409,0.133
2022,9,Canadian Grand Prix,MAG,Haas F1 Team,False,False,0.2054,0.6355,-1.7078
2022,9,Canadian Grand Prix,TSU,AlphaTauri,True,False,3.1282,1.0877,-0.1652
2022,10,British Grand Prix,SAI,Ferrari,False,True,-3.6144,-1.0553,-2.3036
2022,10,British Grand Prix,PER,Red Bull,False,True,-2.485,-1.0145,-1.3566
2022,10,British Grand Prix,HAM,Mercedes,False,True,-2.1368,-1.1492,-2.0604
2022,10,British Grand Prix,LEC,Ferrari,False,True,-2.1696,-0.8461,-1.0881
2022,10,British Grand Prix,ALO,Alpine F1 Team,False,True,-1.2297,-1.1473,-2.01
2022,10,British Grand Prix,NOR,McLaren,False,True,-1.1844,-1.118,-2.2571
2022,10,British Grand Prix,VER,Red Bull,False,True,-1.633,-1.0316,-3.4201
2022,10,British Grand Prix,MSC,Haas F1 Team,False,True,1.5236,-1.3957,-0.7854
2022,10,British Grand Prix,VET,Aston Martin,False,True,1.5492,-1.0956,-0.1628
2022,10,British Grand Prix,MAG,Haas F1 Team,False,True,1.5103,-1.0839,0.0913
2022,10,British Grand Prix,STR,Aston Martin,False,True,2.1992,-1.1138,-0.1075
2022,10,British Grand Prix,LAT,Williams,False,True,0.542,-0.885,-1.5241
2022,10,British Grand Prix,RIC,McLaren,False,True,1.3707,-1.2362,-2.4834
2022,10,British Grand Prix,TSU,AlphaTauri,False,True,1.292,-1.2859,-2.2841
2022,10,British Grand Prix,OCO,Alpine F1 Team,True,True,2.074,-1.0594,-1.9623
2022,10,British Grand Prix,GAS,AlphaTauri,True,True,1.7472,-0.7965,-2.8736
2022,11,Austrian Grand Prix,LEC,Ferrari,False,False,-3.6599,0.01,-0.0328
2022,11,Austrian Grand Prix,VER,Red Bull,False,False,-3.286,0.216,-0.8489
2022,11,Austrian Grand Prix,HAM,Mercedes,False,False,-1.7067,-0.181,1.0692
2022,11,Austrian Grand Prix,RUS,Mercedes,False,False,-2.006,-0.3433,-1.4084
2022,11,Austrian Grand Prix,OCO,Alpine F1 Team,False,False,-1.6732,-0.1547,-0.7915
2022,11,Austrian Grand Prix,MSC,Haas F1 Team,False,False,-0.9928,-0.2096,-0.5704
2022,11,Austrian Grand Prix,NOR,McLaren,False,False,0.0486,-0.3092,-0.5284
2022,11,Austrian Grand Prix,MAG,Haas F1 Team,False,False,-0.8175,-0.1276,-1.0651
2022,11,Austrian Grand Prix,RIC,McLaren,False,False,0.6162,-0.1612,-0.5842
2022,11,Austrian Grand Prix,ALO,Alpine F1 Team,False,False,0.7364,-0.2316,0.8681
2022,11,Austrian Grand Prix,BOT,Alfa Romeo,False,False,1.5045,-0.2587,-0.1563
2022,11,Austrian Grand Prix,ALB,Williams,False,False,0.9369,-0.1755,-0.6691
2022,11,Austrian Grand Prix,STR,Aston Martin,False,False,1.1772,-0.1346,0.683
2022,11,Austrian Grand Prix,ZHO,Alfa Romeo,False,False,1.5212,-0.2173,0.3666
2022,11,Austrian Grand Prix,GAS,AlphaTauri,False,False,1.0587,-0.2398,-1.1625
2022,11,Austrian Grand Prix,TSU,AlphaTauri,False,False,1.5359,-0.1053,0.6065
2022,11,Austrian Grand Prix,VET,Aston Martin,False,False,2.3499,-0.3159,-0.2127
2022,11,Austrian Grand Prix,SAI,Ferrari,True,False,-0.1047,0.0567,-2.3472
2022,11,Austrian Grand Prix,LAT,Williams,True,False,2.806,0.0684,-1.3055
2022,11,Austrian Grand Prix,PER,Red Bull,True,False,1.851,0.8356,-2.5171
2022,12,French Grand Prix,VER,Red Bull,False,False,-3.4166,1.7649,0.4914
2022,12,French Grand Prix,HAM,Mercedes,False,False,-2.501,1.627,0.6554
2022,12,French Grand Prix,RUS,Mercedes,False,False,-1.8526,1.5587,0.7651
2022,12,French Grand Prix,PER,Red Bull,False,False,-2.0909,1.635,0.2518
2022,12,French Grand Prix,SAI,Ferrari,False,False,0.0534,1.2472,1.3741
2022,12,French Grand Prix,ALO,Alpine F1 Team,False,False,-0.9844,1.6308,0.6153
2022,12,French Grand Prix,NOR,McLaren,False,False,-1.0972,1.6446,0.1993
2022,12,French Grand Prix,OCO,Alpine F1 Team,False,False,0.27,1.2932,0.5569
2022,12,French Grand Prix,RIC,McLaren,False,False,0.1852,1.6226,0.6085
2022,12,French Grand Prix,STR,Aston Martin,False,False,1.4316,1.3888,1.1793
2022,12,French Grand Prix,VET,Aston Martin,False,False,1.0084,1.552,0.8392
2022,12,French Grand Prix,GAS,AlphaTauri,False,False,1.4354,1.5676,0.9767
2022,12,French Grand Prix,ALB,Williams,False,False,1.3685,1.549,0.6943
2022,12,French Grand Prix,BOT,Alfa Romeo,False,False,1.1251,1.6156,-0.1691
2022,12,French Grand Prix,MSC,Haas F1 Team,False,False,2.3009,1.6894,0.0464
2022,12,French Grand Prix,ZHO,Alfa Romeo,False,False,2.4724,1.5608,-0.5859
2022,12,French Grand Prix,LAT,Williams,True,False,2.9264,1.6633,0.174
2022,12,French Grand Prix,MAG,Haas F1 Team,True,False,2.4628,1.9542,-0.6562
2022,12,French Grand Prix,TSU,AlphaTauri,True,False,1.9106,2.3319,-2.0914
2022,13,Hungarian Grand Prix,VER,Red Bull,False,True,-2.2685,-1.3803,1.1039
2022,13,Hungarian Grand Prix,HAM,Mercedes,False,True,-2.3081,-1.3777,0.6672
2022,13,Hungarian Grand Prix,RUS,Mercedes,False,True,-2.9767,-1.2205,-0.4004
2022,13,Hungarian Grand Prix,SAI,Ferrari,False,True,-2.5095,-1.2761,-0.3754
2022,13,Hungarian Grand Prix,PER,Red Bull,False,True,-0.7665,-1.387,0.8279
2022,13,Hungarian Grand Prix,LEC,Ferrari,False,True,-1.9108,-1.5169,-1.5955
2022,13,Hungarian Grand Prix,NOR,McLaren,False,True,-1.493,-1.4694,-1.3985
2022,13,Hungarian Grand Prix,ALO,Alpine F1 Team,False,True,-0.9795,-1.3328,0.3971
2022,13,Hungarian Grand Prix,OCO,Alpine F1 Team,False,True,-0.9211,-1.3842,0.182
2022,13,Hungarian Grand Prix,VET,Aston Martin,False,True,1.5373,-1.4941,0.9878
2022,13,Hungarian Grand Prix,STR,Aston Martin,False,True,0.9771,-1.3366,0.3582
2022,13,Hungarian Grand Prix,GAS,AlphaTauri,False,True,2.0919,-1.479,1.2287
2022,13,Hungarian Grand Prix,ZHO,Alfa Romeo,False,True,0.8006,-1.8272,-0.5277
2022,13,Hungarian Grand Prix,MSC,Haas F1 Team,False,True,1.3882,-1.4588,0.4517
2022,13,Hungarian Grand Prix,RIC,McLaren,False,True,0.4499,-1.443,-1.5005
2022,13,Hungarian Grand Prix,MAG,Haas F1 Team,False,True,1.35,-1.5075,-2.0799
2022,13,Hungarian Grand Prix,ALB,Williams,False,True,2.1466,-1.2917,-0.9866
2022,13,Hungarian Grand Prix,LAT,Williams,False,True,2.567,-1.5012,-0.0683
2022,13,Hungarian Grand Prix,TSU,AlphaTauri,False,True,2.0516,-1.2586,-0.7403
2022,13,Hungarian Grand Prix,BOT,Alfa Romeo,True,True,0.7106,-1.275,-0.4297
2022,14,Belgian Grand Prix,VER,Red Bull,False,False,-2.751,0.1529,1.6481
2022,14,Belgian Grand Prix,PER,Red Bull,False,False,-3.0019,0.3626,0.2097
2022,14,Belgian Grand Prix,SAI,Ferrari,False,False,-2.8582,0.2123,-1.0907
2022,14,Belgian Grand Prix,RUS,Mercedes,False,False,-1.7261,0.3225,0.3456
2022,14,Belgian Grand Prix,ALO,Alpine F1 Team,False,False,-1.8334,0.4032,-0.1824
2022,14,Belgian Grand Prix,LEC,Ferrari,False,False,-0.6539,0.4163,-0.1224
2022,14,Belgian Grand Prix,OCO,Alpine F1 Team,False,False,-0.3523,0.197,1.0068
2022,14,Belgian Grand Prix,VET,Aston Martin,False,False,0.2663,0.2248,0.7081
2022,14,Belgian Grand Prix,GAS,AlphaTauri,False,False,1.133,-0.0583,0.5581
2022,14,Belgian Grand Prix,ALB,Williams,False,False,-0.2722,0.3979,-0.4253
2022,14,Belgian Grand Prix,STR,Aston Martin,False,False,0.5274,0.243,0.2742
2022,14,Belgian Grand Prix,NOR,McLaren,False,False,0.9792,0.1984,0.7878
2022,14,Belgian Grand Prix,TSU,AlphaTauri,False,False,2.2162,-0.3815,0.7186
2022,14,Belgian Grand Prix,ZHO,Alfa Romeo,False,False,1.4907,0.1615,0.8362
2022,14,Belgian Grand Prix,RIC,McLaren,False,False,0.4515,0.4122,-0.6059
2022,14,Belgian Grand Prix,MAG,Haas F1 Team,False,False,1.6444,0.2849,-0.1506
2022,14,Belgian Grand Prix,MSC,Haas F1 Team,False,False,2.0516,0.1519,0.6319
2022,14,Belgian Grand Prix,LAT,Williams,False,False,1.7707,0.1799,-2.4572
2022,15,Dutch Grand Prix,VER,Red Bull,False,False,-3.8809,-0.6346,-1.7039
2022,15,Dutch Grand Prix,RUS,Mercedes,False,False,-2.4423,-0.9942,-0.2325
2022,15,Dutch Grand Prix,LEC,Ferrari,False,False,-2.804,-0.6135,-1.8734
2022,15,Dutch Grand Prix,HAM,Mercedes,False,False,-2.2633,-0.5588,0.1268
2022,15,Dutch Grand Prix,PER,Red Bull,False,False,-1.77,-0.6043,-1.82
2022,15,Dutch Grand Prix,ALO,Alpine F1 Team,False,False,-0.166,-0.5338,0.3578
2022,15,Dutch Grand Prix,NOR,McLaren,False,False,-0.9786,-0.7736,-1.2511
2022,15,Dutch Grand Prix,SAI,Ferrari,False,False,-1.3956,-0.7452,-2.1233
2022,15,Dutch Grand Prix,OCO,Alpine F1 Team,False,False,0.2793,-0.5459,0.1514
2022,15,Dutch Grand Prix,STR,Aston Martin,False,False,0.1228,-0.7031,-1.6505
2022,15,Dutch Grand Prix,GAS,AlphaTauri,False,False,0.4567,-0.6108,-1.795
2022,15,Dutch Grand Prix,ALB,Williams,False,False,1.2036,-0.85,-0.9839
2022,15,Dutch Grand Prix,MSC,Haas F1 Team,False,False,0.1471,-0.6713,-2.4271
2022,15,Dutch Grand Prix,VET,Aston Martin,False,False,2.1245,-0.7468,-1.1441
2022,15,Dutch Grand Prix,MAG,Haas F1 Team,False,False,2.0427,-0.8529,-1.2404
2022,15,Dutch Grand Prix,ZHO,Alfa Romeo,False,False,1.4246,-0.466,-1.0884
2022,15,Dutch Grand Prix,RIC,McLaren,False,False,2.0457,-0.6942,-2.1332
2022,15,Dutch Grand Prix,LAT,Williams,False,False,2.6416,-0.7743,-1.271
2022,15,Dutch Grand Prix,BOT,Alfa Romeo,True,False,2.3383,-0.3803,-0.3445
2022,15,Dutch Grand Prix,TSU,AlphaTauri,True,False,1.595,-0.6737,-3.3921
2023,1,Bahrain Grand Prix,VER,Red Bull,False,False,-3.7486,1.2212,-0.0474
2023,1,Bahrain Grand Prix,PER,Red Bull,False,False,-3.0395,1.1534,0.0916
2023,1,Bahrain Grand Prix,ALO,Aston Martin,False,False,-2.207,1.1329,0.1952
2023,1,Bahrain Grand Prix,SAI,Ferrari,False,False,-2.1043,1.2139,-0.0757
2023,1,Bahrain Grand Prix,HAM,Mercedes,False,False,-1.3553,1.171,0.1499
2023,1,Bahrain Grand Prix,STR,Aston Martin,False,False,-0.9756,1.0965,0.3132
2023,1,Bahrain Grand Prix,RUS,Mercedes,False,False,-1.0818,1.1566,-0.1946
2023,1,Bahrain Grand Prix,BOT,Alfa Romeo,False,False,0.1848,1.0909,0.3994
2023,1,Bahrain Grand Prix,GAS,Alpine F1 Team,False,False,1.8173,0.9998,0.7623
2023,1,Bahrain Grand Prix,ALB,Williams,False,False,1.0852,1.0869,0.1034
2023,1,Bahrain Grand Prix,TSU,AlphaTauri,False,False,1.0745,1.1228,-0.2
2023,1,Bahrain Grand Prix,SAR,Williams,False,False,1.5231,1.0621,0.0366
2023,1,Bahrain Grand Prix,MAG,Haas F1 Team,False,False,1.7618,1.0063,0.231
2023,1,Bahrain Grand Prix,DEV,AlphaTauri,False,False,2.1924,1.0454,0.7027
2023,1,Bahrain Grand Prix,HUL,Haas F1 Team,False,False,0.818,1.0602,-1.2859
2023,1,Bahrain Grand Prix,ZHO,Alfa Romeo,False,False,1.3676,1.1092,-0.8186
2023,1,Bahrain Grand Prix,NOR,McLaren,False,False,1.2968,0.7986,-3.858
2023,1,Bahrain Grand Prix,OCO,Alpine F1 Team,True,False,1.3594,1.0448,-2.2758
2023,1,Bahrain Grand Prix,LEC,Ferrari,True,False,0.2346,1.6135,-2.2334
