quali_position,grid,final_position_num,positions_gained,points,laps_pct,num_pitstops,first_stop_pct,avg_pitstop_duration_s,num_compounds_used,air_temp_mean,track_temp_mean,humidity_mean
-1.4636,-1.4538,-1.6319,0.0994,2.6552,0.3232,-0.051,-0.3037,-0.1224,-0.4178,-0.5758,-0.8221,0.0614
-1.6379,-1.6251,-1.4501,-0.3053,1.707,0.3232,-0.051,0.0993,-0.1524,-0.4178,-0.5758,-0.8221,0.0614
-1.2892,-1.2824,-1.2683,-0.1029,1.436,0.3232,0.9524,-0.0015,0.4337,-0.4178,-0.5758,-0.8221,0.0614
-0.5919,-0.5971,-1.0865,0.5041,0.8941,0.3232,-0.051,-0.4045,0.0398,1.4858,-0.5758,-0.8221,0.0614
0.1054,1.8014,-0.9047,3.1344,0.6232,0.3232,0.9524,-1.412,-0.1945,-0.4178,-0.5758,-0.8221,0.0614
-1.1149,-1.1111,-0.7229,-0.5076,0.3523,0.3232,-0.051,-0.4045,-0.1038,1.4858,-0.5758,-0.8221,0.0614
-0.7662,-0.7685,-0.5412,-0.3053,0.0813,0.3232,-0.051,-0.3037,-0.0797,1.4858,-0.5758,-0.8221,0.0614
-0.4176,-0.4258,-0.3594,-0.1029,-0.1896,0.3232,-0.051,-0.1022,-0.1445,1.4858,-0.5758,-0.8221,0.0614
0.4541,0.4308,-0.1776,0.7064,-0.4606,0.3232,-0.051,-0.1022,-0.0766,-0.4178,-0.5758,-0.8221,0.0614
-0.0689,-0.0832,0.0042,-0.1029,-0.596,0.3232,-0.051,-0.4045,0.0268,1.4858,-0.5758,-0.8221,0.0614
0.6284,0.6021,0.186,0.5041,-0.7315,0.3232,-0.051,-0.3037,-0.1985,-0.4178,-0.5758,-0.8221,0.0614
0.2797,0.2595,0.3678,-0.1029,-0.7315,0.1758,-0.051,-0.4045,0.6072,-0.4178,-0.5758,-0.8221,0.0614
0.9771,0.9448,0.5496,0.5041,-0.7315,0.1758,-0.051,-0.3037,-0.0443,1.4858,-0.5758,-0.8221,0.0614
0.8027,0.7734,0.7314,0.0994,-0.7315,0.1758,-0.051,-0.3037,-0.127,-0.4178,-0.5758,-0.8221,0.0614
1.3257,1.6301,0.9132,0.9087,-0.7315,0.1758,-1.0545,0.8045,-0.0887,-0.4178,-0.5758,-0.8221,0.0614
1.5,1.2874,1.095,0.3017,-0.7315,0.1758,-0.051,-0.203,0.0999,-0.4178,-0.5758,-0.8221,0.0614
-0.9406,-0.9398,1.2768,-2.5309,-0.7315,-0.2661,0.9524,-1.2105,0.8273,-0.4178,-0.5758,-0.8221,0.0614
1.1514,1.1161,1.4586,-0.3053,-0.7315,-0.4135,-0.051,-0.203,-0.0112,-0.4178,-0.5758,-0.8221,0.0614
-0.2433,-0.2545,1.6404,-2.1262,-0.7315,-3.2127,-0.051,-0.5052,-0.0991,1.4858,-0.5758,-0.8221,0.0614
-1.2892,-1.2824,-1.6319,0.3017,2.6552,0.3232,-0.051,0.8045,0.9464,-0.4178,-2.5466,-1.9398,0.8751
-1.6379,-1.6251,-1.4501,-0.3053,1.8424,0.3232,1.9559,0.894,2.0142,-0.4178,-2.5466,-1.9398,0.8751
-0.5919,-0.5971,-1.2683,0.7064,1.3005,0.3232,-0.051,0.894,1.1152,1.4858,-2.5466,-1.9398,0.8751
-1.1149,-1.1111,-1.0865,-0.1029,0.8941,0.3232,-0.051,0.894,1.1847,-0.4178,-2.5466,-1.9398,0.8751
0.1054,0.0882,-0.9047,1.1111,0.6232,0.3232,-0.051,0.8045,1.1556,-0.4178,-2.5466,-1.9398,0.8751
-0.7662,-0.7685,-0.7229,-0.1029,0.3523,0.3232,-0.051,0.8045,1.8514,1.4858,-2.5466,-1.9398,0.8751
-0.9406,-0.9398,-0.5412,-0.5076,0.0813,0.3232,1.9559,-0.3597,2.9438,1.4858,-2.5466,-1.9398,0.8751
-0.0689,-0.0832,-0.3594,0.3017,-0.1896,0.3232,0.9524,0.8045,1.2119,-0.4178,-2.5466,-1.9398,0.8751
-0.2433,-0.2545,-0.1776,-0.1029,-0.4606,0.3232,2.9594,-1.5239,2.4302,3.3894,-2.5466,-1.9398,0.8751
0.8027,0.7734,0.0042,0.9087,-0.596,0.3232,0.9524,0.894,3.8272,-0.4178,-2.5466,-1.9398,0.8751
-1.4636,-1.4538,0.186,-1.9239,-0.7315,0.3232,-0.051,0.894,3.9022,1.4858,-2.5466,-1.9398,0.8751
1.6744,1.6301,0.3678,1.5157,-0.7315,0.3232,0.9524,0.6254,1.1236,1.4858,-2.5466,-1.9398,0.8751
0.9771,0.9448,0.5496,0.5041,-0.7315,0.3232,0.9524,0.7149,1.0405,-0.4178,-2.5466,-1.9398,0.8751
1.1514,1.1161,0.7314,0.5041,-0.7315,0.1922,1.9559,0.8045,1.1884,-0.4178,-2.5466,-1.9398,0.8751
0.4541,1.8014,0.9132,1.1111,-0.7315,0.0612,2.9594,-1.3448,2.7199,1.4858,-2.5466,-1.9398,0.8751
1.3257,1.2874,1.095,0.3017,-0.7315,0.0612,1.9559,-1.1657,3.9611,3.3894,-2.5466,-1.9398,0.8751
1.5,1.4587,1.2768,0.3017,-0.7315,0.0612,1.9559,-0.5388,2.4757,3.3894,-2.5466,-1.9398,0.8751
-0.4176,-0.4258,1.4586,-2.1262,-0.7315,-3.9984,-1.0545,0.894,1.018,-0.4178,-2.5466,-1.9398,0.8751
0.2797,0.2595,1.6404,-1.5192,-0.7315,-3.9984,-1.0545,0.7149,0.9812,-0.4178,-2.5466,-1.9398,0.8751
-1.4636,-1.4538,-1.6319,0.0994,2.6552,0.3232,0.9524,-1.4425,-0.2473,-0.4178,-0.8035,0.3497,-0.7601
-1.2892,-1.2824,-1.4501,0.0994,1.707,0.3232,1.9559,-1.4425,-0.1197,1.4858,-0.8035,0.3497,-0.7601
-1.6379,-1.6251,-1.2683,-0.5076,1.436,0.3232,1.9559,-1.4425,-0.1658,1.4858,-0.8035,0.3497,-0.7601
-1.1149,-1.1111,-1.0865,-0.1029,0.8941,0.3232,0.9524,-1.4425,-0.3072,-0.4178,-0.8035,0.3497,-0.7601
-0.5919,-0.5971,-0.9047,0.3017,0.6232,0.3232,0.9524,-1.4425,-0.2863,-0.4178,-0.8035,0.3497,-0.7601
-0.4176,-0.4258,-0.7229,0.3017,0.3523,0.3232,0.9524,-1.4425,-0.2809,-0.4178,-0.8035,0.3497,-0.7601
-0.7662,-0.7685,-0.5412,-0.3053,0.0813,0.3232,0.9524,-1.4425,-0.3104,-0.4178,-0.8035,0.3497,-0.7601
0.4541,0.4308,-0.3594,0.9087,-0.1896,0.3232,0.9524,-1.4425,-0.3792,-0.4178,-0.8035,0.3497,-0.7601
0.9771,0.9448,-0.1776,1.3134,-0.4606,0.3232,0.9524,-1.4425,-0.1499,-0.4178,-0.8035,0.3497,-0.7601
-0.2433,-0.2545,0.0042,-0.3053,-0.596,0.3232,0.9524,-1.4425,-0.3573,-0.4178,-0.8035,0.3497,-0.7601
-0.9406,-0.9398,0.186,-1.3169,-0.7315,0.3232,0.9524,-1.4425,-0.3359,-0.4178,-0.8035,0.3497,-0.7601
0.2797,0.2595,0.3678,-0.1029,-0.7315,0.1982,0.9524,-1.4425,-0.2216,-0.4178,-0.8035,0.3497,-0.7601
-0.0689,-0.0832,0.5496,-0.7099,-0.7315,0.1982,0.9524,-1.4425,-0.3624,-0.4178,-0.8035,0.3497,-0.7601
1.1514,1.1161,0.7314,0.5041,-0.7315,0.1982,0.9524,-1.4425,-0.3158,-0.4178,-0.8035,0.3497,-0.7601
0.6284,0.6021,0.9132,-0.3053,-0.7315,0.1982,0.9524,-1.4425,-0.2797,-0.4178,-0.8035,0.3497,-0.7601
0.1054,0.0882,1.095,-1.1146,-0.7315,0.1982,0.9524,-1.4425,-0.1385,-0.4178,-0.8035,0.3497,-0.7601
1.5,1.4587,1.2768,0.3017,-0.7315,0.0731,0.9524,-1.4425,-0.2991,-0.4178,-0.8035,0.3497,-0.7601
1.3257,1.2874,1.4586,-0.1029,-0.7315,0.0731,0.9524,-1.4425,-0.3273,-0.4178,-0.8035,0.3497,-0.7601
1.6744,1.6301,1.6404,0.0994,-0.7315,0.0731,1.9559,-1.4425,-0.1665,1.4858,-0.8035,0.3497,-0.7601
-1.6379,-1.6251,-1.6319,-0.1029,2.6552,0.3232,-0.051,0.7801,-0.5835,-0.4178,-0.245,-0.2741,0.2264
-1.4636,-1.4538,-1.4501,-0.1029,1.8424,0.3232,-0.051,0.4381,-0.4977,-0.4178,-0.245,-0.2741,0.2264
-1.2892,-1.2824,-1.2683,-0.1029,1.3005,0.3232,-0.051,0.3527,-0.6183,-0.4178,-0.245,-0.2741,0.2264
-1.1149,-1.1111,-1.0865,-0.1029,0.8941,0.3232,-0.051,0.7801,-0.6227,-0.4178,-0.245,-0.2741,0.2264
-0.4176,-0.4258,-0.9047,0.5041,0.6232,0.3232,-0.051,0.6946,-0.6405,-0.4178,-0.245,-0.2741,0.2264
-0.5919,-0.5971,-0.7229,0.0994,0.3523,0.3232,-0.051,0.5236,-0.5965,-0.4178,-0.245,-0.2741,0.2264
-0.7662,-0.7685,-0.5412,-0.3053,0.0813,0.3232,-0.051,0.2672,-0.6497,-0.4178,-0.245,-0.2741,0.2264
-0.2433,-0.2545,-0.3594,0.0994,-0.1896,0.1982,-0.051,0.3527,-0.5802,-0.4178,-0.245,-0.2741,0.2264
-0.9406,-0.9398,-0.1776,-0.9123,-0.4606,0.1982,-1.0545,0.3527,-0.4539,-0.4178,-0.245,-0.2741,0.2264
0.2797,0.2595,0.0042,0.3017,-0.596,0.1982,-0.051,-0.0748,0.3961,-0.4178,-0.245,-0.2741,0.2264
0.1054,0.0882,0.186,-0.1029,-0.7315,0.1982,-0.051,0.2672,-0.6943,-0.4178,-0.245,-0.2741,0.2264
1.1514,1.1161,0.3678,0.9087,-0.7315,0.1982,-1.0545,1.5494,-0.6987,-0.4178,-0.245,-0.2741,0.2264
0.4541,0.4308,0.5496,-0.1029,-0.7315,0.1982,-0.051,0.1817,-0.5074,-0.4178,-0.245,-0.2741,0.2264
0.8027,0.7734,0.7314,0.0994,-0.7315,0.1982,-0.051,-0.8441,-0.4402,-0.4178,-0.245,-0.2741,0.2264
0.6284,0.6021,0.9132,-0.3053,-0.7315,0.1982,-0.051,-0.9296,2.7366,-0.4178,-0.245,-0.2741,0.2264
1.5,1.4587,1.095,0.5041,-0.7315,0.1982,0.9524,-0.8441,-0.3136,-0.4178,-0.245,-0.2741,0.2264
-0.0689,-0.0832,1.2768,-1.5192,-0.7315,0.1982,-0.051,0.1817,-0.4612,-0.4178,-0.245,-0.2741,0.2264
1.3257,1.2874,1.4586,-0.1029,-0.7315,0.0731,-0.051,0.3527,-0.382,-0.4178,-0.245,-0.2741,0.2264
1.6744,1.6301,1.6404,0.0994,-0.7315,0.0731,-0.051,0.2672,-0.4535,-0.4178,-0.245,-0.2741,0.2264
-1.4636,-1.4538,-1.6319,0.0994,2.6552,0.3232,-1.0545,0.8458,-0.2645,-0.4178,-0.5316,0.2095,0.4368
-1.1149,-1.1111,-1.4501,0.3017,1.707,0.3232,-1.0545,0.7012,-0.1838,-0.4178,-0.5316,0.2095,0.4368
-0.9406,-0.9398,-1.2683,0.3017,1.3005,0.3232,-1.0545,0.5565,-0.2389,-0.4178,-0.5316,0.2095,0.4368
-0.2433,-0.2545,-1.0865,0.9087,0.8941,0.3232,-1.0545,0.9182,-0.1043,-0.4178,-0.5316,0.2095,0.4368
-0.4176,-0.4258,-0.9047,0.5041,0.6232,0.3232,-1.0545,0.6288,-0.1401,-0.4178,-0.5316,0.2095,0.4368
-0.7662,-0.7685,-0.7229,-0.1029,0.3523,0.3232,-1.0545,0.5565,-0.1283,-0.4178,-0.5316,0.2095,0.4368
-0.5919,-0.5971,-0.5412,-0.1029,0.2168,0.3232,-0.051,0.4842,-0.2111,-0.4178,-0.5316,0.2095,0.4368
0.4541,0.4308,-0.3594,0.9087,-0.1896,0.2174,-1.0545,2.5818,-0.3188,-0.4178,-0.5316,0.2095,0.4368
0.1054,0.0882,-0.1776,0.3017,-0.4606,0.2174,-1.0545,1.0628,-0.2268,-0.4178,-0.5316,0.2095,0.4368
-0.0689,-0.0832,0.0042,-0.1029,-0.596,0.2174,-1.0545,0.7735,-0.1097,-0.4178,-0.5316,0.2095,0.4368
0.6284,0.6021,0.186,0.5041,-0.7315,0.2174,-1.0545,1.4968,-0.1984,-0.4178,-0.5316,0.2095,0.4368
0.2797,0.2595,0.3678,-0.1029,-0.7315,0.2174,-1.0545,0.9905,-0.071,-0.4178,-0.5316,0.2095,0.4368
1.1514,1.1161,0.5496,0.7064,-0.7315,0.2174,-1.0545,1.6415,-0.2531,-0.4178,-0.5316,0.2095,0.4368
0.8027,0.7734,0.7314,0.0994,-0.7315,0.2174,-1.0545,0.6288,-0.2282,-0.4178,-0.5316,0.2095,0.4368
1.3257,1.2874,0.9132,0.5041,-0.7315,0.2174,-1.0545,1.4968,-0.2731,-0.4178,-0.5316,0.2095,0.4368
0.9771,0.9448,1.095,-0.1029,-0.7315,0.2174,-1.0545,3.0158,-0.1279,-0.4178,-0.5316,0.2095,0.4368
1.5,1.4587,1.2768,0.3017,-0.7315,0.0058,-1.0545,0.8458,0.0263,-0.4178,-0.5316,0.2095,0.4368
-0.5919,-0.7685,-1.6319,0.9087,2.6552,0.3232,0.9524,-0.1753,-1.2972,-0.4178,0.1461,0.2839,0.1314
0.1054,0.0882,-1.4501,1.7181,1.707,0.3232,0.9524,0.3778,-1.5334,-0.4178,0.1461,0.2839,0.1314
-1.1149,-1.1111,-1.2683,0.0994,1.3005,0.3232,0.9524,-0.3966,-1.4879,-0.4178,0.1461,0.2839,0.1314
-1.6379,-1.6251,-1.0865,-0.7099,0.8941,0.3232,0.9524,-0.6178,-1.5192,-0.4178,0.1461,0.2839,0.1314
-0.7662,-0.2545,-0.9047,0.7064,0.6232,0.3232,0.9524,-0.8391,-1.3723,-0.4178,0.1461,0.2839,0.1314
-0.2433,-0.4258,-0.7229,0.3017,0.3523,0.3232,1.9559,-0.8391,-1.3068,-0.4178,0.1461,0.2839,0.1314
-0.4176,-0.5971,-0.5412,-0.1029,0.0813,0.3232,0.9524,-0.6178,-1.4924,-0.4178,0.1461,0.2839,0.1314
-0.9406,-0.9398,-0.3594,-0.7099,-0.1896,0.3232,0.9524,-0.5072,-1.4937,-0.4178,0.1461,0.2839,0.1314
0.4541,0.4308,-0.1776,0.7064,-0.4606,0.3232,0.9524,-0.3966,-1.5044,-0.4178,0.1461,0.2839,0.1314
0.6284,0.6021,0.0042,0.7064,-0.596,0.3232,0.9524,-0.1753,-1.5008,1.4858,0.1461,0.2839,0.1314
1.6744,1.6301,0.186,1.7181,-0.7315,0.3232,1.9559,-1.3922,-1.3139,-0.4178,0.1461,0.2839,0.1314
-0.0689,-0.0832,0.3678,-0.5076,-0.7315,0.3232,0.9524,-0.3966,-0.8427,-0.4178,0.1461,0.2839,0.1314
1.1514,1.1161,0.5496,0.7064,-0.7315,0.3232,2.9594,-0.7285,-1.0736,-0.4178,0.1461,0.2839,0.1314
1.3257,1.2874,0.7314,0.7064,-0.7315,0.3232,3.9629,-0.6178,-0.8354,-0.4178,0.1461,0.2839,0.1314
-1.4636,-1.4538,0.9132,-2.7332,-0.7315,0.3232,0.9524,-0.3966,-1.2222,-0.4178,0.1461,0.2839,0.1314
0.9771,0.9448,1.095,-0.1029,-0.7315,0.3232,-0.051,-0.6178,-0.5835,1.4858,0.1461,0.2839,0.1314
0.8027,0.7734,1.2768,-0.5076,-0.7315,-0.1622,1.9559,-1.5028,-0.917,1.4858,0.1461,0.2839,0.1314
-1.2892,-1.2824,1.4586,-3.1379,-0.7315,-0.6475,-1.0545,-0.286,-1.0588,-0.4178,0.1461,0.2839,0.1314
-1.6379,-1.6251,-1.6319,-0.1029,2.7907,0.3232,-0.051,0.3027,0.9772,-0.4178,0.3733,-0.0355,0.2849
-1.4636,-1.4538,-1.4501,-0.1029,1.707,0.3232,-1.0545,0.4091,1.0371,-0.4178,0.3733,-0.0355,0.2849
-1.1149,-1.1111,-1.2683,0.0994,1.3005,0.3232,-1.0545,0.9414,0.9211,-0.4178,0.3733,-0.0355,0.2849
-1.2892,-1.2824,-1.0865,-0.3053,0.8941,0.3232,-1.0545,0.1962,1.0988,-0.4178,0.3733,-0.0355,0.2849
-0.4176,-0.4258,-0.9047,0.5041,0.6232,0.3232,-1.0545,0.9414,1.0907,-0.4178,0.3733,-0.0355,0.2849
-0.0689,-0.0832,-0.7229,0.7064,0.3523,0.3232,-1.0545,0.0898,0.9748,-0.4178,0.3733,-0.0355,0.2849
-0.7662,-0.7685,-0.5412,-0.3053,0.0813,0.3232,-1.0545,0.1962,1.1406,-0.4178,0.3733,-0.0355,0.2849
-0.2433,-0.2545,-0.3594,0.0994,-0.1896,0.3232,-1.0545,0.3027,1.2418,-0.4178,0.3733,-0.0355,0.2849
0.2797,0.2595,-0.1776,0.5041,-0.4606,0.3232,-1.0545,2.3252,1.1981,-0.4178,0.3733,-0.0355,0.2849
1.5,1.4587,0.0042,1.7181,-0.596,0.3232,-1.0545,2.0059,1.1835,-0.4178,0.3733,-0.0355,0.2849
-0.9406,-0.9398,0.186,-1.3169,-0.7315,0.3232,-1.0545,0.1962,1.0913,-0.4178,0.3733,-0.0355,0.2849
0.6284,0.6021,0.3678,0.3017,-0.7315,0.1675,-1.0545,0.1962,1.003,-0.4178,0.3733,-0.0355,0.2849
1.6744,1.8014,0.5496,1.5157,-0.7315,0.1675,-1.0545,-0.0167,1.0297,-0.4178,0.3733,-0.0355,0.2849
0.1054,0.0882,0.7314,-0.7099,-0.7315,0.1675,-1.0545,1.3672,1.0259,-0.4178,0.3733,-0.0355,0.2849
0.4541,0.4308,0.9132,-0.5076,-0.7315,0.1675,-1.0545,1.3672,1.1016,-0.4178,0.3733,-0.0355,0.2849
-0.5919,-0.5971,1.095,-1.9239,-0.7315,0.1675,-0.051,-0.1231,1.2009,-0.4178,0.3733,-0.0355,0.2849
1.1514,1.1161,1.2768,-0.1029,-0.7315,0.1675,-1.0545,1.8994,1.2496,-0.4178,0.3733,-0.0355,0.2849
0.9771,0.9448,1.4586,-0.5076,-0.7315,0.1675,-1.0545,0.3027,0.9397,-0.4178,0.3733,-0.0355,0.2849
0.8027,0.7734,1.6404,-0.9123,-0.7315,0.1675,-1.0545,-0.0167,1.2756,-0.4178,0.3733,-0.0355,0.2849
1.3257,1.2874,1.8222,-0.5076,-0.7315,0.1675,-1.0545,1.6865,1.1809,-0.4178,0.3733,-0.0355,0.2849
-1.6379,-1.6251,-1.6319,-0.1029,2.6552,0.3232,-1.0545,0.691,-0.8257,-0.4178,0.6471,1.7366,-1.0947
-1.2892,-1.4538,-1.4501,-0.1029,1.8424,0.3232,-0.051,0.6115,-0.7272,1.4858,0.6471,1.7366,-1.0947
-1.4636,-0.9398,-1.2683,0.3017,1.3005,0.3232,-1.0545,0.532,-0.6628,-0.4178,0.6471,1.7366,-1.0947
-0.9406,-1.1111,-1.0865,-0.1029,0.8941,0.3232,-0.051,0.4526,-0.5695,1.4858,0.6471,1.7366,-1.0947
-1.1149,-1.2824,-0.9047,-0.5076,0.6232,0.207,-1.0545,0.8499,-0.6748,-0.4178,0.6471,1.7366,-1.0947
0.2797,0.2595,-0.7229,1.1111,0.3523,0.207,-1.0545,1.6445,-0.7678,-0.4178,0.6471,1.7366,-1.0947
-0.5919,-0.5971,-0.5412,-0.1029,0.0813,0.207,-0.051,-1.534,0.0169,1.4858,0.6471,1.7366,-1.0947
-0.0689,-0.2545,-0.3594,0.0994,-0.1896,0.207,-1.0545,0.6115,-0.8257,-0.4178,0.6471,1.7366,-1.0947
-0.2433,-0.4258,-0.1776,-0.3053,-0.4606,0.207,-1.0545,0.532,-0.7868,-0.4178,0.6471,1.7366,-1.0947
-0.4176,0.0882,0.0042,0.0994,-0.596,0.207,-1.0545,0.4526,-0.7662,-0.4178,0.6471,1.7366,-1.0947
1.3257,1.2874,0.186,1.3134,-0.7315,0.207,-1.0545,1.2472,-0.7676,-0.4178,0.6471,1.7366,-1.0947
0.6284,0.6021,0.3678,0.3017,-0.7315,0.207,-1.0545,0.532,-0.7039,-0.4178,0.6471,1.7366,-1.0947
0.4541,0.4308,0.5496,-0.1029,-0.7315,0.207,-1.0545,1.6445,-0.7311,-0.4178,0.6471,1.7366,-1.0947
1.1514,1.1161,0.7314,0.5041,-0.7315,0.207,-1.0545,1.2472,-0.7654,-0.4178,0.6471,1.7366,-1.0947
0.8027,0.7734,0.9132,-0.1029,-0.7315,0.207,-1.0545,0.2142,-0.771,-0.4178,0.6471,1.7366,-1.0947
1.5,1.4587,1.095,0.5041,-0.7315,0.0908,-1.0545,1.0088,-0.5333,-0.4178,0.6471,1.7366,-1.0947
0.9771,0.9448,1.2768,-0.3053,-0.7315,-0.0254,-0.051,-1.534,-0.1766,1.4858,0.6471,1.7366,-1.0947
1.6744,1.6301,1.4586,0.3017,-0.7315,-0.0254,-1.0545,0.0553,-0.4616,-0.4178,0.6471,1.7366,-1.0947
0.1054,-0.0832,1.6404,-1.9239,-0.7315,-3.7439,-0.051,0.3731,3.3438,-0.4178,0.6471,1.7366,-1.0947
-1.6379,-1.6251,-1.6319,-0.1029,2.7907,0.3232,-0.051,0.9294,-0.7804,-0.4178,-0.4908,-0.2471,-0.1988
-0.9406,-0.9398,-1.4501,0.5041,1.707,0.3232,-1.0545,0.7704,-0.7988,-0.4178,-0.4908,-0.2471,-0.1988
-1.4636,-1.4538,-1.2683,-0.3053,1.3005,0.3232,-1.0545,0.7704,0.2804,-0.4178,-0.4908,-0.2471,-0.1988
-1.1149,-1.1111,-1.0865,-0.1029,0.8941,0.3232,-0.051,0.8499,-0.7704,-0.4178,-0.4908,-0.2471,-0.1988
0.1054,-0.0832,-0.9047,0.9087,0.6232,0.3232,-1.0545,2.2008,-0.7269,-0.4178,-0.4908,-0.2471,-0.1988
-1.2892,-1.2824,-0.7229,-0.7099,0.3523,0.3232,-1.0545,0.9294,-0.6662,-0.4178,-0.4908,-0.2471,-0.1988
0.4541,0.4308,-0.5412,1.1111,0.0813,0.3232,-1.0545,0.691,-0.7828,-0.4178,-0.4908,-0.2471,-0.1988
0.2797,0.2595,-0.3594,0.7064,-0.1896,0.3232,-1.0545,1.0883,-0.7844,-0.4178,-0.4908,-0.2471,-0.1988
-0.7662,-0.7685,-0.1776,-0.7099,-0.4606,0.3232,-0.051,-0.5804,-0.6718,-0.4178,-0.4908,-0.2471,-0.1988
0.6284,0.6021,0.0042,0.7064,-0.596,0.207,-1.0545,0.9294,-0.4808,-0.4178,-0.4908,-0.2471,-0.1988
-0.2433,-0.4258,0.186,-0.7099,-0.7315,0.207,-1.0545,0.7704,-0.6919,-0.4178,-0.4908,-0.2471,-0.1988
-0.5919,-0.5971,0.3678,-1.1146,-0.7315,0.207,-0.051,-0.6599,-0.2388,-0.4178,-0.4908,-0.2471,-0.1988
-0.0689,-0.2545,0.5496,-0.9123,-0.7315,0.207,-0.051,-0.501,-0.7268,-0.4178,-0.4908,-0.2471,-0.1988
0.8027,0.7734,0.7314,0.0994,-0.7315,0.207,-0.051,-1.534,-0.1887,-0.4178,-0.4908,-0.2471,-0.1988
0.9771,0.9448,0.9132,0.0994,-0.7315,0.207,-1.0545,1.3267,-0.634,-0.4178,-0.4908,-0.2471,-0.1988
1.3257,1.2874,1.095,0.3017,-0.7315,0.207,-1.0545,1.0088,-0.7826,-0.4178,-0.4908,-0.2471,-0.1988
-0.4176,0.0882,1.2768,-1.3169,-0.7315,0.0908,-0.051,-0.2626,-0.8203,-0.4178,-0.4908,-0.2471,-0.1988
1.5,1.4587,1.4586,0.0994,-0.7315,0.0908,-1.0545,1.0883,-0.6536,-0.4178,-0.4908,-0.2471,-0.1988
1.6744,1.6301,1.6404,0.0994,-0.7315,0.0908,-0.051,0.532,-0.3772,-0.4178,-0.4908,-0.2471,-0.1988
-1.6379,-1.4538,-1.6319,0.0994,2.6552,0.3232,-0.051,-1.3965,3.035,-0.4178,1.1852,1.5896,-0.8797
-1.1149,-1.1111,-1.4501,0.3017,1.707,0.3232,-0.051,-1.3965,0.6716,-0.4178,1.1852,1.5896,-0.8797
-1.2892,-1.2824,-1.2683,-0.1029,1.3005,0.3232,-0.051,-1.3965,0.6269,-0.4178,1.1852,1.5896,-0.8797
-0.7662,-0.9398,-1.0865,0.0994,0.8941,0.3232,-0.051,-1.3965,1.3253,-0.4178,1.1852,1.5896,-0.8797
-0.5919,-0.7685,-0.9047,0.0994,0.6232,0.3232,-0.051,-1.3965,0.7483,-0.4178,1.1852,1.5896,-0.8797
-0.2433,-0.0832,-0.7229,0.7064,0.3523,0.3232,-0.051,-1.3965,2.4844,-0.4178,1.1852,1.5896,-0.8797
0.1054,-0.5971,-0.5412,-0.1029,0.0813,0.3232,-0.051,-1.3965,0.9333,-0.4178,1.1852,1.5896,-0.8797
0.8027,0.6021,-0.3594,1.1111,-0.1896,0.3232,-0.051,-1.3965,0.6277,-0.4178,1.1852,1.5896,-0.8797
0.4541,-0.2545,-0.1776,-0.1029,-0.4606,0.3232,-0.051,-1.3965,0.7393,-0.4178,1.1852,1.5896,-0.8797
0.9771,0.9448,0.0042,1.1111,-0.596,0.3232,-0.051,-1.3965,0.8116,-0.4178,1.1852,1.5896,-0.8797
0.2797,0.0882,0.186,-0.1029,-0.7315,0.3232,0.9524,-1.3965,0.6715,1.4858,1.1852,1.5896,-0.8797
-0.4176,0.2595,0.3678,-0.1029,-0.7315,0.1645,-0.051,-1.3965,0.5476,-0.4178,1.1852,1.5896,-0.8797
0.6284,0.7734,0.5496,0.3017,-0.7315,0.1645,-0.051,-1.3965,0.6125,-0.4178,1.1852,1.5896,-0.8797
1.3257,1.1161,0.7314,0.5041,-0.7315,0.1645,-0.051,-1.3965,0.4939,-0.4178,1.1852,1.5896,-0.8797
1.1514,0.4308,0.9132,-0.5076,-0.7315,0.1645,-0.051,-1.3965,0.6071,-0.4178,1.1852,1.5896,-0.8797
-0.9406,1.8014,1.095,0.9087,-0.7315,0.1645,1.9559,-1.3965,0.6399,1.4858,1.1852,1.5896,-0.8797
1.6744,1.4587,1.2768,0.3017,-0.7315,0.1645,-0.051,-1.3965,0.8354,-0.4178,1.1852,1.5896,-0.8797
1.5,1.2874,1.4586,-0.1029,-0.7315,0.1645,-0.051,-1.3965,0.8486,-0.4178,1.1852,1.5896,-0.8797
-0.0689,-0.4258,1.6404,-2.3286,-0.7315,-1.5807,-0.051,-1.3965,0.6141,-0.4178,1.1852,1.5896,-0.8797
-0.4176,-0.4258,-1.6319,1.3134,2.6552,0.3232,0.9524,-1.4523,1.1008,1.4858,0.7533,0.233,0.8276
-1.6379,-1.6251,-1.4501,-0.3053,1.707,0.3232,1.9559,-1.4523,-0.7161,1.4858,0.7533,0.233,0.8276
0.8027,0.7734,-1.2683,2.325,1.3005,0.3232,0.9524,-1.4523,1.4577,1.4858,0.7533,0.233,0.8276
-0.2433,-0.2545,-1.0865,0.9087,0.8941,0.3232,0.9524,-1.4523,0.8493,1.4858,0.7533,0.233,0.8276
-0.9406,-0.9398,-0.9047,-0.1029,0.7587,0.3232,1.9559,-1.4523,0.4971,3.3894,0.7533,0.233,0.8276
0.9771,0.9448,-0.7229,1.9204,0.3523,0.3232,0.9524,-1.4523,1.2401,1.4858,0.7533,0.233,0.8276
1.3257,1.2874,-0.5412,2.1227,0.0813,0.3232,0.9524,-1.4523,1.1629,1.4858,0.7533,0.233,0.8276
1.1514,1.1161,-0.3594,1.7181,-0.1896,0.3232,0.9524,-1.4523,0.1417,1.4858,0.7533,0.233,0.8276
-1.2892,-1.2824,-0.1776,-1.3169,-0.4606,0.3232,2.9594,-1.5329,-0.0286,1.4858,0.7533,0.233,0.8276
0.4541,0.4308,0.0042,0.5041,-0.596,0.2053,1.9559,-1.4523,1.1897,3.3894,0.7533,0.233,0.8276
0.1054,0.0882,0.186,-0.1029,-0.7315,0.2053,0.9524,-1.4523,0.5966,1.4858,0.7533,0.233,0.8276
1.6744,1.6301,0.3678,1.5157,-0.7315,0.2053,0.9524,-1.4523,0.8773,1.4858,0.7533,0.233,0.8276
0.6284,1.8014,0.5496,1.5157,-0.7315,0.2053,2.9594,-1.5329,0.7118,1.4858,0.7533,0.233,0.8276
1.5,1.4587,0.7314,0.9087,-0.7315,-7.5735,-0.051,-1.5329,-0.2707,-2.3214,0.7533,0.233,0.8276
-0.7662,-0.7685,0.9132,-1.9239,-0.7315,-7.6913,-1.0545,-1.5329,2.6358,-2.3214,0.7533,0.233,0.8276
-0.0689,-0.0832,1.8222,-2.1262,-0.7315,0.3232,0.9524,-1.4523,1.3426,1.4858,0.7533,0.233,0.8276
-1.6379,-1.6251,-1.6319,-0.1029,2.6552,0.3232,-0.051,0.0321,-1.2404,1.4858,-0.3838,0.0553,0.0391
-1.4636,-1.4538,-1.4501,-0.1029,1.8424,0.3232,0.9524,-0.0463,-1.1565,-0.4178,-0.3838,0.0553,0.0391
-1.2892,-1.2824,-1.2683,-0.1029,1.3005,0.3232,-0.051,0.8157,-0.9525,-0.4178,-0.3838,0.0553,0.0391
-1.1149,-1.1111,-1.0865,-0.1029,0.8941,0.2086,-1.0545,0.2672,-1.1799,-0.4178,-0.3838,0.0553,0.0391
-0.9406,-0.9398,-0.9047,-0.1029,0.6232,0.2086,-1.0545,1.0508,-1.1146,-0.4178,-0.3838,0.0553,0.0391
-0.2433,-0.2545,-0.7229,0.5041,0.3523,0.2086,-1.0545,0.9724,-1.2088,-0.4178,-0.3838,0.0553,0.0391
-0.7662,-0.7685,-0.5412,-0.3053,0.0813,0.2086,-1.0545,0.8157,-0.9474,-0.4178,-0.3838,0.0553,0.0391
0.9771,1.8014,-0.3594,2.5274,-0.1896,0.2086,-0.051,-0.9866,-1.2282,1.4858,-0.3838,0.0553,0.0391
-0.4176,-0.4258,-0.1776,-0.3053,-0.4606,0.2086,-1.0545,0.8157,-1.1645,-0.4178,-0.3838,0.0553,0.0391
0.4541,0.4308,0.0042,0.5041,-0.596,0.2086,-1.0545,1.6776,-0.9242,-0.4178,-0.3838,0.0553,0.0391
-0.0689,-0.0832,0.186,-0.3053,-0.7315,0.2086,-1.0545,0.7373,-1.1227,-0.4178,-0.3838,0.0553,0.0391
0.2797,0.2595,0.3678,-0.1029,-0.7315,0.094,-1.0545,0.5022,-1.1347,-0.4178,-0.3838,0.0553,0.0391
1.1514,0.7734,0.5496,0.3017,-0.7315,0.094,-0.051,-0.8299,-1.2778,1.4858,-0.3838,0.0553,0.0391
-0.5919,-0.5971,0.7314,-1.5192,-0.7315,0.094,-0.051,0.5022,-1.1034,1.4858,-0.3838,0.0553,0.0391
1.3257,0.9448,0.9132,0.0994,-0.7315,0.094,-1.0545,1.5209,-1.071,-0.4178,-0.3838,0.0553,0.0391
0.6284,1.8014,1.095,0.9087,-0.7315,0.094,-1.0545,0.1888,-0.8837,-0.4178,-0.3838,0.0553,0.0391
0.1054,0.0882,1.2768,-1.3169,-0.7315,-0.0206,-0.051,0.5022,-0.5966,1.4858,-0.3838,0.0553,0.0391
1.5,1.1161,1.4586,-0.3053,-0.7315,-0.0206,-0.051,-1.3,0.9997,1.4858,-0.3838,0.0553,0.0391
0.8027,0.6021,1.6404,-1.1146,-0.7315,-2.4269,-1.0545,0.8157,-1.0427,-0.4178,-0.3838,0.0553,0.0391
1.6744,1.2874,1.8222,-0.5076,-0.7315,-3.229,-1.0545,0.9724,-1.0129,-0.4178,-0.3838,0.0553,0.0391
-0.9406,-1.4538,-1.6319,0.0994,2.7907,0.3232,-1.0545,0.7285,-0.2513,-0.4178,1.0829,0.8233,-1.0931
-1.1149,-1.2824,-1.4501,0.0994,1.707,0.3232,-1.0545,0.9414,-0.1802,-0.4178,1.0829,0.8233,-1.0931
-1.6379,1.4587,-1.2683,3.1344,1.3005,0.3232,-1.0545,1.1543,-0.1523,-0.4178,1.0829,0.8233,-1.0931
-0.4176,-0.9398,-1.0865,0.0994,0.8941,0.3232,-1.0545,1.1543,-0.1025,-0.4178,1.0829,0.8233,-1.0931
-0.2433,-0.4258,-0.9047,0.5041,0.6232,0.3232,-1.0545,1.1543,-0.2326,-0.4178,1.0829,0.8233,-1.0931
-0.5919,-0.7685,-0.7229,-0.1029,0.3523,0.3232,-1.0545,1.1543,-0.1573,-0.4178,1.0829,0.8233,-1.0931
0.2797,-0.2545,-0.5412,0.3017,0.0813,0.3232,-1.0545,1.0478,-0.0448,-0.4178,1.0829,0.8233,-1.0931
0.4541,-0.0832,-0.3594,0.3017,-0.1896,0.3232,-1.0545,1.0478,-0.0546,-0.4178,1.0829,0.8233,-1.0931
0.8027,0.6021,-0.1776,0.9087,-0.4606,0.3232,-1.0545,1.1543,-0.1826,-0.4178,1.0829,0.8233,-1.0931
0.6284,0.2595,0.0042,0.3017,-0.596,0.3232,-1.0545,1.1543,1.0511,-0.4178,1.0829,0.8233,-1.0931
0.9771,0.4308,0.186,0.3017,-0.7315,0.3232,-1.0545,0.8349,-0.1802,-0.4178,1.0829,0.8233,-1.0931
0.1054,0.0882,0.3678,-0.3053,-0.7315,0.3232,-0.051,0.7285,0.0942,-0.4178,1.0829,0.8233,-1.0931
-0.0689,-0.5971,0.5496,-1.3169,-0.7315,0.3232,-0.051,-1.507,1.7576,-0.4178,1.0829,0.8233,-1.0931
1.5,1.1161,0.7314,0.5041,-0.7315,0.3232,-1.0545,1.1543,-0.1137,-0.4178,1.0829,0.8233,-1.0931
1.3257,1.2874,0.9132,0.5041,-0.7315,0.3232,-1.0545,0.8349,-0.0712,-0.4178,1.0829,0.8233,-1.0931
1.6744,0.9448,1.095,-0.1029,-0.7315,-1.5448,0.9524,0.9414,0.3622,1.4858,1.0829,0.8233,-1.0931
-1.4636,-1.1111,1.2768,-2.7332,-0.7315,-4.0354,-1.0545,1.0478,0.1096,-2.3214,1.0829,0.8233,-1.0931
-1.2892,-1.6251,1.4586,-3.5426,-0.7315,-4.0354,-1.0545,0.8349,1.4751,-0.4178,1.0829,0.8233,-1.0931
-1.1149,-1.1111,-1.6319,0.5041,2.6552,0.3232,-0.051,1.1543,0.9769,1.4858,-0.854,-1.4296,0.4652
1.6744,1.6301,-1.4501,3.539,1.707,0.3232,-0.051,1.1543,1.044,1.4858,-0.854,-1.4296,0.4652
-1.4636,-1.4538,-1.2683,-0.3053,1.3005,0.3232,-0.051,-0.1231,1.1236,1.4858,-0.854,-1.4296,0.4652
-0.9406,-0.9398,-1.0865,0.0994,0.8941,0.3232,-0.051,0.7285,1.4473,1.4858,-0.854,-1.4296,0.4652
-0.5919,0.9448,-0.9047,2.1227,0.6232,0.3232,-0.051,1.3672,0.9352,1.4858,-0.854,-1.4296,0.4652
-0.7662,-0.7685,-0.7229,-0.1029,0.3523,0.3232,-0.051,2.2188,1.0704,1.4858,-0.854,-1.4296,0.4652
-1.6379,-1.6251,-0.5412,-1.3169,0.2168,0.3232,-0.051,1.3672,1.2337,1.4858,-0.854,-1.4296,0.4652
0.9771,0.4308,-0.3594,0.9087,-0.1896,0.3232,-0.051,-0.0167,1.0079,1.4858,-0.854,-1.4296,0.4652
-0.2433,-0.4258,-0.1776,-0.3053,-0.4606,0.3232,-0.051,2.2188,1.8174,1.4858,-0.854,-1.4296,0.4652
-1.2892,-1.2824,0.0042,-1.5192,-0.596,0.3232,-0.051,-0.2296,1.2588,1.4858,-0.854,-1.4296,0.4652
-0.4176,-0.5971,0.186,-0.9123,-0.7315,0.3232,-0.051,-0.336,2.3193,1.4858,-0.854,-1.4296,0.4652
0.1054,-0.0832,0.3678,-0.5076,-0.7315,0.1675,-0.051,1.1543,1.1214,1.4858,-0.854,-1.4296,0.4652
0.2797,0.0882,0.5496,-0.5076,-0.7315,0.1675,-0.051,1.8994,1.1113,1.4858,-0.854,-1.4296,0.4652
-0.0689,-0.2545,0.7314,-1.1146,-0.7315,0.1675,-0.051,-0.0167,1.3007,1.4858,-0.854,-1.4296,0.4652
0.8027,1.4587,0.9132,0.7064,-0.7315,0.1675,-0.051,2.1123,1.4337,1.4858,-0.854,-1.4296,0.4652
1.3257,1.1161,1.095,0.0994,-0.7315,0.1675,-0.051,2.2188,1.3882,1.4858,-0.854,-1.4296,0.4652
0.4541,0.2595,1.2768,-1.1146,-0.7315,0.1675,0.9524,-0.2296,1.122,3.3894,-0.854,-1.4296,0.4652
1.5,0.7734,1.4586,-0.7099,-0.7315,0.0118,-0.051,-0.1231,1.3898,1.4858,-0.854,-1.4296,0.4652
0.6284,1.2874,1.6404,-0.3053,-0.7315,-0.6108,-1.0545,-0.2296,0.9958,-0.4178,-0.854,-1.4296,0.4652
1.1514,0.6021,1.8222,-1.3169,-0.7315,-2.9458,-1.0545,0.5156,0.9838,-0.4178,-0.854,-1.4296,0.4652
-1.4636,-1.6251,-1.6319,-0.1029,2.7907,0.3232,-1.0545,1.9857,-0.4211,-2.3214,-1.5124,-1.7997,2.1815
-1.2892,-1.4538,-1.4501,-0.1029,1.707,0.3232,-1.0545,1.8884,-0.525,-2.3214,-1.5124,-1.7997,2.1815
-0.5919,-0.7685,-1.2683,0.5041,1.3005,0.3232,-1.0545,1.9857,-0.5208,-2.3214,-1.5124,-1.7997,2.1815
-1.1149,-1.2824,-1.0865,-0.3053,0.8941,0.3232,-1.0545,2.9584,-0.2845,-2.3214,-1.5124,-1.7997,2.1815
-1.6379,0.0882,-0.9047,1.1111,0.6232,0.3232,-1.0545,3.2502,-0.4766,-2.3214,-1.5124,-1.7997,2.1815
-0.9406,-1.1111,-0.7229,-0.5076,0.3523,0.3232,-1.0545,2.1802,0.8468,-2.3214,-1.5124,-1.7997,2.1815
-0.4176,-0.5971,-0.5412,-0.1029,0.0813,0.3232,-1.0545,1.6939,-0.3658,-2.3214,-1.5124,-1.7997,2.1815
0.8027,1.4587,-0.3594,2.1227,-0.1896,0.3232,-1.0545,1.8884,0.6556,-2.3214,-1.5124,-1.7997,2.1815
-0.2433,-0.4258,-0.1776,-0.3053,-0.4606,0.3232,-1.0545,2.1802,2.0849,-2.3214,-1.5124,-1.7997,2.1815
1.3257,0.9448,0.186,0.9087,-0.7315,0.1809,-1.0545,2.2775,-0.3835,-2.3214,-1.5124,-1.7997,2.1815
1.5,1.1161,0.3678,0.9087,-0.7315,0.1809,-1.0545,1.9857,-0.3808,-2.3214,-1.5124,-1.7997,2.1815
0.9771,1.6301,0.5496,1.3134,-0.7315,0.1809,-1.0545,0.4293,-0.4079,-2.3214,-1.5124,-1.7997,2.1815
-0.0689,-0.2545,0.7314,-1.1146,-0.7315,0.1809,-1.0545,1.7911,-0.3478,-2.3214,-1.5124,-1.7997,2.1815
0.4541,0.4308,0.9132,-0.5076,-0.7315,0.1809,-1.0545,1.7911,-0.3035,-2.3214,-1.5124,-1.7997,2.1815
-0.7662,-0.9398,1.095,-2.3286,-0.7315,0.1809,-1.0545,1.3048,0.808,-2.3214,-1.5124,-1.7997,2.1815
1.1514,0.7734,1.2768,-0.5076,-0.7315,0.1809,-1.0545,1.6939,-0.193,-2.3214,-1.5124,-1.7997,2.1815
0.1054,-0.0832,1.4586,-1.7216,-0.7315,0.1809,-0.051,1.8884,-0.3122,-0.4178,-1.5124,-1.7997,2.1815
0.6284,0.6021,1.6404,-1.1146,-0.7315,0.0387,-1.0545,2.1802,-0.2353,-2.3214,-1.5124,-1.7997,2.1815
1.6744,1.2874,1.8222,-0.5076,-0.7315,0.0387,-1.0545,1.7911,-0.2479,-2.3214,-1.5124,-1.7997,2.1815
-1.6379,-1.6251,-1.6319,-0.1029,2.6552,0.3232,-0.051,-0.606,-0.2358,-0.4178,0.9365,0.1966,0.4242
-1.4636,-1.4538,-1.4501,-0.1029,1.8424,0.3232,-0.051,-0.3037,-0.1981,-0.4178,0.9365,0.1966,0.4242
-1.2892,-1.2824,-1.2683,-0.1029,1.3005,0.3232,-0.051,-0.4045,-0.1517,-0.4178,0.9365,0.1966,0.4242
-0.9406,-1.1111,-1.0865,-0.1029,0.8941,0.3232,-0.051,-0.4045,-0.2322,-0.4178,0.9365,0.1966,0.4242
-0.5919,-0.7685,-0.9047,0.0994,0.6232,0.3232,-0.051,-0.5052,-0.1926,-0.4178,0.9365,0.1966,0.4242
-1.1149,-0.2545,-0.7229,0.5041,0.3523,0.3232,-0.051,-0.1022,-0.2075,-0.4178,0.9365,0.1966,0.4242
-0.7662,-0.9398,-0.5412,-0.5076,0.0813,0.3232,-0.051,-0.5052,0.0139,-0.4178,0.9365,0.1966,0.4242
-0.4176,-0.5971,-0.3594,-0.3053,-0.1896,0.3232,-0.051,-0.606,-0.0207,-0.4178,0.9365,0.1966,0.4242
-0.0689,-0.0832,-0.1776,0.0994,-0.4606,0.1758,-0.051,-0.7067,-0.2806,-0.4178,0.9365,0.1966,0.4242
0.2797,1.2874,0.0042,1.5157,-0.596,0.1758,-0.051,0.0993,-0.1313,-0.4178,0.9365,0.1966,0.4242
0.4541,0.2595,0.186,0.0994,-0.7315,0.1758,-0.051,-0.8075,-0.2642,-0.4178,0.9365,0.1966,0.4242
0.9771,0.4308,0.3678,0.0994,-0.7315,0.1758,-0.051,0.2,-0.2855,-0.4178,0.9365,0.1966,0.4242
1.3257,0.7734,0.5496,0.3017,-0.7315,0.1758,-0.051,-0.4045,-0.1857,-0.4178,0.9365,0.1966,0.4242
0.8027,1.6301,0.7314,1.1111,-0.7315,0.1758,-0.051,-0.7067,-0.1587,-0.4178,0.9365,0.1966,0.4242
1.1514,0.6021,0.9132,-0.3053,-0.7315,0.1758,-0.051,-1.1097,0.6114,-0.4178,0.9365,0.1966,0.4242
1.5,0.9448,1.095,-0.1029,-0.7315,0.0285,-0.051,-0.5052,-0.1599,-0.4178,0.9365,0.1966,0.4242
1.6744,1.1161,1.2768,-0.1029,-0.7315,0.0285,0.9524,-1.5127,0.2824,-0.4178,0.9365,0.1966,0.4242
0.6284,1.4587,1.4586,0.0994,-0.7315,-0.7081,0.9524,-0.9082,-0.2981,-0.4178,0.9365,0.1966,0.4242
0.1054,0.0882,1.6404,-1.7216,-0.7315,-2.034,-0.051,-1.3112,1.4559,-0.4178,0.9365,0.1966,0.4242
-0.2433,-0.4258,1.8222,-2.5309,-0.7315,-5.8645,-1.0545,-0.606,-0.2647,-0.4178,0.9365,0.1966,0.4242
-1.2892,-1.2824,-1.6319,0.3017,2.6552,0.3232,-1.0545,1.0088,-0.6316,-0.4178,-0.443,1.2427,-1.2054
-1.4636,-1.4538,-1.4501,-0.1029,1.707,0.3232,-1.0545,0.691,-0.5387,-0.4178,-0.443,1.2427,-1.2054
-1.1149,-1.1111,-1.2683,0.0994,1.3005,0.3232,-1.0545,1.5651,-0.5905,-0.4178,-0.443,1.2427,-1.2054
-0.9406,-0.9398,-1.0865,0.0994,0.8941,0.3232,-1.0545,0.8499,-0.5036,-0.4178,-0.443,1.2427,-1.2054
-0.4176,-0.4258,-0.9047,0.5041,0.6232,0.3232,-1.0545,0.7704,-0.5963,-0.4178,-0.443,1.2427,-1.2054
-0.7662,-0.7685,-0.7229,-0.1029,0.3523,0.207,-1.0545,1.724,-0.607,-0.4178,-0.443,1.2427,-1.2054
0.1054,-0.2545,-0.5412,0.3017,0.0813,0.207,-1.0545,1.0088,-0.5579,-0.4178,-0.443,1.2427,-1.2054
0.2797,-0.0832,-0.3594,0.3017,-0.1896,0.207,-1.0545,0.9294,-0.5286,-0.4178,-0.443,1.2427,-1.2054
0.9771,0.2595,-0.1776,0.5041,-0.4606,0.207,-1.0545,1.4856,-0.2168,-0.4178,-0.443,1.2427,-1.2054
-0.0689,1.2874,0.0042,1.5157,-0.596,0.207,-1.0545,1.8829,-0.5066,-0.4178,-0.443,1.2427,-1.2054
0.6284,0.0882,0.186,-0.1029,-0.7315,0.207,-1.0545,-0.342,-0.5723,-0.4178,-0.443,1.2427,-1.2054
-0.5919,-0.5971,0.3678,-1.1146,-0.7315,0.207,-0.051,-1.534,1.0786,-0.4178,-0.443,1.2427,-1.2054
0.8027,1.4587,0.5496,1.1111,-0.7315,0.207,-1.0545,-0.501,-0.3935,-0.4178,-0.443,1.2427,-1.2054
1.6744,1.6301,0.7314,1.1111,-0.7315,0.0908,-0.051,-0.6599,-0.0498,-0.4178,-0.443,1.2427,-1.2054
-1.6379,-1.6251,0.9132,-2.9356,-0.7315,0.0908,1.9559,-1.534,0.1482,1.4858,-0.443,1.2427,-1.2054
0.4541,0.9448,1.095,-0.1029,-0.7315,0.0908,-1.0545,-0.4215,-0.6164,-0.4178,-0.443,1.2427,-1.2054
1.1514,0.4308,1.2768,-0.9123,-0.7315,0.0908,-0.051,-0.7394,-0.3716,-0.4178,-0.443,1.2427,-1.2054
1.5,0.7734,1.4586,-0.7099,-0.7315,-0.0254,-0.051,-0.5804,-0.1408,-0.4178,-0.443,1.2427,-1.2054
-1.6379,-0.0832,-1.6319,1.7181,2.6552,0.3232,1.9559,-1.0572,-0.9166,-0.4178,-0.0593,1.6547,0.3649
-1.4636,-1.4538,-1.4501,-0.1029,1.707,0.3232,1.9559,-1.0572,-0.9522,-0.4178,-0.0593,1.6547,0.3649
-1.2892,-1.6251,-1.2683,-0.5076,1.3005,0.3232,1.9559,-1.0572,-0.9201,-0.4178,-0.0593,1.6547,0.3649
-1.1149,-1.1111,-1.0865,-0.1029,1.0296,0.3232,2.9594,-1.0572,-0.8057,1.4858,-0.0593,1.6547,0.3649
-0.5919,-0.7685,-0.9047,0.0994,0.6232,0.3232,1.9559,-1.0572,-0.9405,-0.4178,-0.0593,1.6547,0.3649
-0.7662,-1.2824,-0.7229,-0.7099,0.3523,0.3232,1.9559,-1.0572,-0.8679,-0.4178,-0.0593,1.6547,0.3649
-0.9406,-0.5971,-0.5412,-0.1029,0.0813,0.207,1.9559,-1.0572,-0.8029,-0.4178,-0.0593,1.6547,0.3649
0.1054,-0.4258,-0.3594,-0.1029,-0.1896,0.207,0.9524,-1.0572,-0.9723,-0.4178,-0.0593,1.6547,0.3649
-0.0689,0.2595,-0.1776,0.5041,-0.4606,0.207,0.9524,-1.0572,-1.0239,-0.4178,-0.0593,1.6547,0.3649
-0.4176,-0.9398,0.0042,-1.1146,-0.596,0.207,2.9594,-1.534,-0.7693,-0.4178,-0.0593,1.6547,0.3649
0.2797,-0.2545,0.186,-0.5076,-0.7315,0.207,1.9559,-1.0572,-0.8407,-0.4178,-0.0593,1.6547,0.3649
0.6284,1.8014,0.3678,1.7181,-0.7315,0.207,1.9559,-1.0572,-0.8481,-0.4178,-0.0593,1.6547,0.3649
1.3257,1.1161,0.5496,0.7064,-0.7315,0.207,1.9559,-1.1367,-0.7564,-0.4178,-0.0593,1.6547,0.3649
0.8027,0.4308,0.7314,-0.3053,-0.7315,0.207,1.9559,-1.0572,-0.9083,-0.4178,-0.0593,1.6547,0.3649
0.4541,0.7734,0.9132,-0.1029,-0.7315,0.207,2.9594,-1.2956,-0.1609,-0.4178,-0.0593,1.6547,0.3649
1.1514,0.9448,1.095,-0.1029,-0.7315,0.207,1.9559,-1.0572,-0.8713,-0.4178,-0.0593,1.6547,0.3649
1.6744,1.4587,1.2768,0.3017,-0.7315,0.0908,0.9524,-1.0572,-1.0122,-0.4178,-0.0593,1.6547,0.3649
1.5,1.2874,1.4586,-0.1029,-0.7315,0.0908,2.9594,-1.0572,0.0996,-0.4178,-0.0593,1.6547,0.3649
-0.2433,0.0882,1.6404,-1.7216,-0.7315,-2.2332,0.9524,-1.0572,-0.9516,-0.4178,-0.0593,1.6547,0.3649
0.9771,0.6021,1.8222,-1.3169,-0.7315,-2.4656,0.9524,-1.0572,-0.9541,-0.4178,-0.0593,1.6547,0.3649
-1.6379,-1.6251,-1.6319,-0.1029,2.6552,0.3232,-0.051,0.1682,0.0475,-0.4178,0.5921,-0.5141,1.204
-1.4636,-0.5971,-1.4501,0.9087,1.8424,0.3232,0.9524,0.0692,0.0485,1.4858,0.5921,-0.5141,1.204
-0.9406,-1.2824,-1.2683,-0.1029,1.3005,0.3232,-1.0545,0.6631,0.1839,-0.4178,0.5921,-0.5141,1.204
0.1054,0.0882,-1.0865,1.3134,0.8941,0.3232,-0.051,0.2672,0.0697,-0.4178,0.5921,-0.5141,1.204
-0.2433,-0.2545,-0.9047,0.7064,0.6232,0.3232,-1.0545,0.7621,0.0892,-0.4178,0.5921,-0.5141,1.204
0.2797,0.2595,-0.7229,1.1111,0.3523,0.3232,-1.0545,0.6631,0.217,-0.4178,0.5921,-0.5141,1.204
-0.5919,-0.9398,-0.5412,-0.5076,0.0813,0.3232,-1.0545,1.059,0.1136,-0.4178,0.5921,-0.5141,1.204
0.4541,0.4308,-0.3594,0.9087,-0.1896,0.3232,-1.0545,1.059,0.1455,-0.4178,0.5921,-0.5141,1.204
-0.7662,-1.1111,-0.1776,-1.1146,-0.4606,0.1784,-0.051,0.8611,0.1728,1.4858,0.5921,-0.5141,1.204
-0.0689,-0.0832,0.0042,-0.1029,-0.596,0.1784,-1.0545,0.96,0.131,-0.4178,0.5921,-0.5141,1.204
-1.1149,-1.4538,0.186,-1.9239,-0.7315,0.1784,-0.051,-0.3267,0.1596,-0.4178,0.5921,-0.5141,1.204
0.6284,0.6021,0.3678,0.3017,-0.7315,0.1784,-1.0545,0.96,0.0982,-0.4178,0.5921,-0.5141,1.204
-0.4176,-0.4258,0.5496,-1.1146,-0.7315,0.1784,-0.051,-0.7226,0.2189,1.4858,0.5921,-0.5141,1.204
0.9771,0.9448,0.7314,0.3017,-0.7315,0.1784,-0.051,-0.6237,0.1664,1.4858,0.5921,-0.5141,1.204
1.3257,1.2874,0.9132,0.5041,-0.7315,0.1784,-0.051,-0.1288,0.1192,-0.4178,0.5921,-0.5141,1.204
1.5,1.4587,1.095,0.5041,-0.7315,0.1784,-1.0545,0.5641,0.1619,-0.4178,0.5921,-0.5141,1.204
0.8027,0.7734,1.2768,-0.5076,-0.7315,0.0337,-0.051,0.0692,1.0971,-0.4178,0.5921,-0.5141,1.204
1.6744,1.6301,1.4586,0.3017,-0.7315,0.0337,-1.0545,1.4549,0.2885,-0.4178,0.5921,-0.5141,1.204
1.1514,1.1161,1.6404,-0.5076,-0.7315,-0.69,-1.0545,0.1682,0.1479,-0.4178,0.5921,-0.5141,1.204
-1.2892,-0.7685,1.8222,-2.9356,-0.7315,-0.9795,-1.0545,1.6529,2.2511,-0.4178,0.5921,-0.5141,1.204
-1.6379,-1.6251,-1.6319,-0.1029,2.7907,0.3232,0.9524,-0.4851,-0.8969,-0.4178,1.0692,-0.4022,1.24
-1.4636,-1.4538,-1.2683,-0.3053,1.3005,0.3232,0.9524,-0.4851,-0.6795,-0.4178,1.0692,-0.4022,1.24
-1.1149,-1.1111,-0.5412,-0.7099,0.0813,0.3232,0.9524,-0.4851,-0.9066,-0.4178,1.0692,-0.4022,1.24
-0.5919,-0.5971,0.0042,-0.7099,-0.596,0.3232,0.9524,-0.4851,-0.8184,-0.4178,1.0692,-0.4022,1.24
1.3257,1.2874,0.186,1.3134,-0.7315,0.3232,0.9524,-0.5979,0.4184,-0.4178,1.0692,-0.4022,1.24
0.9771,0.9448,0.3678,0.7064,-0.7315,0.3232,0.9524,-0.4851,-0.1698,-0.4178,1.0692,-0.4022,1.24
0.4541,0.4308,0.5496,-0.1029,-0.7315,0.1582,1.9559,-0.4851,-0.8627,1.4858,1.0692,-0.4022,1.24
-0.4176,-0.4258,0.7314,-1.3169,-0.7315,0.1582,0.9524,-0.1466,0.56,-0.4178,1.0692,-0.4022,1.24
0.2797,0.2595,0.9132,-0.7099,-0.7315,0.1582,0.9524,-0.1466,1.8812,-0.4178,1.0692,-0.4022,1.24
-0.9406,-0.9398,1.2768,-2.5309,-0.7315,-5.617,-0.051,-0.4851,-0.8709,-0.4178,1.0692,-0.4022,1.24
0.6284,0.6021,1.6404,-1.1146,-0.7315,-5.617,-0.051,-0.5979,-0.909,-0.4178,1.0692,-0.4022,1.24
-1.6379,-1.6251,-1.6319,-0.1029,2.7907,0.3232,0.9524,-0.3489,-0.7147,-0.4178,0.2153,-0.7354,0.308
-1.4636,-1.4538,-1.4501,-0.1029,1.707,0.3232,-1.0545,-0.2516,-0.6941,-0.4178,0.2153,-0.7354,0.308
-0.9406,-0.9398,-1.2683,0.3017,1.3005,0.3232,-1.0545,0.2347,-0.5707,-0.4178,0.2153,-0.7354,0.308
-0.4176,-0.4258,-1.0865,0.7064,0.8941,0.3232,-0.051,0.6238,-0.5769,1.4858,0.2153,-0.7354,0.308
0.2797,0.2595,-0.9047,1.3134,0.6232,0.3232,-0.051,1.8884,-0.6079,1.4858,0.2153,-0.7354,0.308
-0.7662,-0.7685,-0.7229,-0.1029,0.3523,0.3232,-1.0545,1.3048,-0.6793,-0.4178,0.2153,-0.7354,0.308
-1.2892,-1.2824,-0.5412,-0.9123,0.0813,0.3232,-0.051,0.0402,-0.6579,1.4858,0.2153,-0.7354,0.308
0.1054,0.0882,-0.3594,0.5041,-0.1896,0.3232,-1.0545,1.8884,-0.7522,-0.4178,0.2153,-0.7354,0.308
-0.2433,-0.2545,-0.1776,-0.1029,-0.4606,0.3232,-1.0545,-0.1543,-0.6777,-0.4178,0.2153,-0.7354,0.308
-0.5919,-0.5971,0.0042,-0.7099,-0.596,0.3232,-0.051,-0.1543,-0.6498,1.4858,0.2153,-0.7354,0.308
0.8027,0.7734,0.186,0.7064,-0.7315,0.3232,-1.0545,0.6238,-0.7688,-0.4178,0.2153,-0.7354,0.308
-0.0689,-0.0832,0.3678,-0.5076,-0.7315,0.1809,-0.051,0.1375,-0.6627,-0.4178,0.2153,-0.7354,0.308
0.4541,0.4308,0.5496,-0.1029,-0.7315,0.1809,-0.051,0.4293,-0.5185,1.4858,0.2153,-0.7354,0.308
1.5,1.4587,0.7314,0.9087,-0.7315,0.1809,-0.051,-0.6407,-0.5939,-0.4178,0.2153,-0.7354,0.308
-1.1149,-1.1111,0.9132,-2.3286,-0.7315,-0.1036,0.9524,0.4293,-0.7285,-0.4178,0.2153,-0.7354,0.308
0.9771,0.9448,1.095,-0.1029,-0.7315,-0.8148,-1.0545,1.1102,-0.7648,-0.4178,0.2153,-0.7354,0.308
0.6284,0.6021,1.2768,-0.7099,-0.7315,-3.233,-1.0545,0.0402,-0.5567,-0.4178,0.2153,-0.7354,0.308
1.3257,1.2874,1.6404,-0.3053,-0.7315,-4.3709,-1.0545,0.4293,-0.5457,-0.4178,0.2153,-0.7354,0.308
-1.6379,-1.6251,-1.6319,-0.1029,2.7907,0.3232,0.9524,-0.1288,-0.0705,-0.4178,0.0361,-0.7204,-1.2989
-1.2892,-1.2824,-1.4501,0.0994,1.707,0.3232,0.9524,-0.2277,-0.1212,-0.4178,0.0361,-0.7204,-1.2989
-0.9406,-0.9398,-1.2683,0.3017,1.3005,0.3232,0.9524,-0.5247,0.0909,1.4858,0.0361,-0.7204,-1.2989
-0.2433,-0.2545,-1.0865,0.9087,0.8941,0.3232,0.9524,-0.1288,0.1055,1.4858,0.0361,-0.7204,-1.2989
-0.5919,-0.5971,-0.9047,0.3017,0.6232,0.3232,0.9524,-0.2277,0.1461,-0.4178,0.0361,-0.7204,-1.2989
-0.7662,-0.7685,-0.7229,-0.1029,0.3523,0.3232,0.9524,-0.2277,0.0683,-0.4178,0.0361,-0.7204,-1.2989
0.1054,0.0882,-0.5412,0.7064,0.0813,0.3232,0.9524,-0.2277,0.3262,1.4858,0.0361,-0.7204,-1.2989
0.9771,0.9448,-0.3594,1.5157,-0.1896,0.3232,0.9524,-0.1288,-0.0385,-0.4178,0.0361,-0.7204,-1.2989
-0.4176,-0.4258,-0.1776,-0.3053,-0.4606,0.3232,0.9524,-0.5247,-0.0286,1.4858,0.0361,-0.7204,-1.2989
0.8027,0.7734,0.0042,0.9087,-0.596,0.3232,0.9524,-0.1288,0.2766,-0.4178,0.0361,-0.7204,-1.2989
0.2797,0.2595,0.186,0.0994,-0.7315,0.3232,-0.051,-0.4257,0.0658,-0.4178,0.0361,-0.7204,-1.2989
1.5,1.4587,0.3678,1.3134,-0.7315,0.3232,0.9524,0.1682,0.168,-0.4178,0.0361,-0.7204,-1.2989
0.6284,0.6021,0.5496,0.0994,-0.7315,0.3232,0.9524,-0.3267,0.0192,-0.4178,0.0361,-0.7204,-1.2989
1.3257,1.2874,0.7314,0.7064,-0.7315,0.3232,0.9524,0.0692,-0.0181,1.4858,0.0361,-0.7204,-1.2989
0.4541,0.4308,0.9132,-0.5076,-0.7315,0.3232,0.9524,0.7621,0.1131,1.4858,0.0361,-0.7204,-1.2989
1.6744,1.6301,1.095,0.7064,-0.7315,0.3232,0.9524,-0.2277,-0.0877,-0.4178,0.0361,-0.7204,-1.2989
1.1514,1.1161,1.2768,-0.1029,-0.7315,0.3232,0.9524,0.2672,0.3072,-0.4178,0.0361,-0.7204,-1.2989
-1.1149,-1.1111,1.4586,-2.9356,-0.7315,0.1784,0.9524,-0.1288,-0.0696,-0.4178,0.0361,-0.7204,-1.2989
-1.4636,-1.4538,1.6404,-3.5426,-0.7315,-0.1111,0.9524,-0.2277,-0.0649,-0.4178,0.0361,-0.7204,-1.2989
-0.0689,-0.0832,1.8222,-2.1262,-0.7315,-1.5585,-0.051,-0.2277,0.0309,1.4858,0.0361,-0.7204,-1.2989
-1.1149,-1.1111,-1.6319,0.5041,2.6552,0.3232,-1.0545,0.1919,-0.8667,-0.4178,0.3944,-0.7412,0.3411
-1.4636,-1.4538,-1.4501,-0.1029,1.8424,0.3232,-1.0545,0.1919,-0.8054,-0.4178,0.3944,-0.7412,0.3411
-1.2892,-1.2824,-1.2683,-0.1029,1.3005,0.3232,-1.0545,0.1919,-0.7089,-0.4178,0.3944,-0.7412,0.3411
-1.6379,-1.6251,-1.0865,-0.7099,0.8941,0.3232,-1.0545,0.0791,-0.9166,-0.4178,0.3944,-0.7412,0.3411
-0.7662,-0.7685,-0.9047,0.0994,0.6232,0.3232,-1.0545,0.1919,-0.7301,-0.4178,0.3944,-0.7412,0.3411
-0.9406,-0.9398,-0.7229,-0.3053,0.3523,0.3232,-1.0545,0.1919,-0.7848,-0.4178,0.3944,-0.7412,0.3411
0.1054,0.0882,-0.5412,0.7064,0.0813,0.3232,-1.0545,0.1919,-0.9362,-0.4178,0.3944,-0.7412,0.3411
-0.2433,-0.2545,-0.3594,0.0994,-0.1896,0.3232,-1.0545,0.0791,-0.4495,-0.4178,0.3944,-0.7412,0.3411
-0.0689,-0.0832,-0.1776,0.0994,-0.4606,0.3232,-1.0545,2.5615,-0.5385,-0.4178,0.3944,-0.7412,0.3411
0.9771,0.7734,0.0042,0.9087,-0.596,0.3232,-1.0545,2.9,-0.6556,-0.4178,0.3944,-0.7412,0.3411
0.4541,0.2595,0.186,0.0994,-0.7315,0.3232,-0.051,0.1919,-0.1302,-0.4178,0.3944,-0.7412,0.3411
1.3257,1.1161,0.3678,0.9087,-0.7315,0.3232,-1.0545,2.5615,-0.7281,-0.4178,0.3944,-0.7412,0.3411
0.8027,0.4308,0.5496,-0.1029,-0.7315,0.1582,-1.0545,-0.1466,-0.5455,-0.4178,0.3944,-0.7412,0.3411
1.1514,0.9448,0.7314,0.3017,-0.7315,-0.1719,-1.0545,-0.1466,-0.8763,-0.4178,0.3944,-0.7412,0.3411
-0.4176,-0.4258,0.9132,-1.5192,-0.7315,-1.9869,-0.051,0.1919,-0.4863,-0.4178,0.3944,-0.7412,0.3411
-0.5919,-0.5971,1.095,-1.9239,-0.7315,-2.1519,-1.0545,0.1919,-0.7045,-0.4178,0.3944,-0.7412,0.3411
0.2797,0.6021,1.2768,-0.7099,-0.7315,-2.1519,-1.0545,-0.7108,-0.8829,-0.4178,0.3944,-0.7412,0.3411
-1.6379,-1.6251,-1.6319,-0.1029,2.7907,0.3232,-1.0545,0.5266,-1.4175,-0.4178,0.6482,0.1901,-0.5291
-1.2892,-1.2824,-1.4501,0.0994,1.707,0.3232,-1.0545,0.332,-1.5252,-0.4178,0.6482,0.1901,-0.5291
-0.7662,-0.7685,-1.2683,0.5041,1.3005,0.3232,-1.0545,0.6238,-1.3165,-0.4178,0.6482,0.1901,-0.5291
-0.9406,-0.9398,-1.0865,0.0994,0.8941,0.3232,-1.0545,0.5266,-1.4367,-0.4178,0.6482,0.1901,-0.5291
-1.1149,-1.1111,-0.9047,-0.3053,0.6232,0.3232,-1.0545,0.332,-1.5008,-0.4178,0.6482,0.1901,-0.5291
-0.5919,-0.5971,-0.7229,0.0994,0.3523,0.3232,-1.0545,0.4293,-1.3822,-0.4178,0.6482,0.1901,-0.5291
-0.4176,-0.4258,-0.5412,0.0994,0.0813,0.3232,-1.0545,0.0402,-1.1869,-0.4178,0.6482,0.1901,-0.5291
0.2797,0.2595,-0.3594,0.7064,-0.1896,0.3232,-1.0545,0.5266,-1.3297,-0.4178,0.6482,0.1901,-0.5291
0.1054,0.0882,-0.1776,0.3017,-0.4606,0.3232,-1.0545,0.4293,-1.2272,-0.4178,0.6482,0.1901,-0.5291
0.9771,1.6301,0.0042,1.9204,-0.596,0.3232,-1.0545,3.9311,-1.0437,-0.4178,0.6482,0.1901,-0.5291
0.6284,0.6021,0.186,0.5041,-0.7315,0.3232,-1.0545,0.4293,-1.3363,-0.4178,0.6482,0.1901,-0.5291
1.6744,1.4587,0.3678,1.3134,-0.7315,0.3232,0.9524,-1.3216,-1.1988,-0.4178,0.6482,0.1901,-0.5291
0.8027,0.7734,0.5496,0.3017,-0.7315,0.1809,-1.0545,-0.2516,-1.2046,-0.4178,0.6482,0.1901,-0.5291
1.1514,0.9448,0.7314,0.3017,-0.7315,0.1809,-1.0545,2.1802,-1.1903,-0.4178,0.6482,0.1901,-0.5291
0.4541,0.4308,0.9132,-0.5076,-0.7315,0.1809,-1.0545,0.1375,-1.3237,-0.4178,0.6482,0.1901,-0.5291
1.5,1.2874,1.095,0.3017,-0.7315,0.1809,-0.051,-0.3489,-1.3634,-0.4178,0.6482,0.1901,-0.5291
-0.0689,-0.0832,1.2768,-1.5192,-0.7315,0.1809,-0.051,2.1802,-1.2933,-0.4178,0.6482,0.1901,-0.5291
-1.4636,-1.4538,1.4586,-3.3402,-0.7315,-2.5217,-1.0545,0.1375,-1.356,-0.4178,0.6482,0.1901,-0.5291
-1.6379,-1.6251,-1.6319,-0.1029,2.7907,0.3232,-0.051,0.0881,0.9789,1.4858,-2.0939,-1.8785,1.6187
-0.5919,-1.2824,-1.4501,0.0994,1.707,0.3232,-0.051,-0.0015,0.9839,1.4858,-2.0939,-1.8785,1.6187
-1.2892,-0.9398,-1.2683,0.3017,1.3005,0.3232,-1.0545,0.0881,0.9986,-0.4178,-2.0939,-1.8785,1.6187
0.1054,0.0882,-1.0865,1.3134,0.8941,0.3232,-1.0545,-0.0015,1.2001,-0.4178,-2.0939,-1.8785,1.6187
-0.4176,-0.5971,-0.9047,0.3017,0.6232,0.3232,-1.0545,-0.0015,3.173,-0.4178,-2.0939,-1.8785,1.6187
-1.4636,-1.4538,-0.7229,-0.9123,0.3523,0.3232,0.9524,0.0881,1.5436,1.4858,-2.0939,-1.8785,1.6187
0.9771,0.2595,-0.5412,0.9087,0.0813,0.3232,-1.0545,-0.0015,1.0589,-0.4178,-2.0939,-1.8785,1.6187
-0.2433,0.4308,-0.3594,0.9087,-0.1896,0.3232,-1.0545,-0.091,1.0813,-0.4178,-2.0939,-1.8785,1.6187
-1.1149,-0.4258,-0.1776,-0.3053,-0.4606,0.3232,-1.0545,-0.0015,1.7366,-0.4178,-2.0939,-1.8785,1.6187
0.8027,0.7734,0.0042,0.9087,-0.596,0.1922,-1.0545,-0.0015,1.5173,-0.4178,-2.0939,-1.8785,1.6187
1.6744,1.2874,0.186,1.3134,-0.7315,0.1922,-1.0545,-0.091,1.143,-0.4178,-2.0939,-1.8785,1.6187
1.1514,1.1161,0.3678,0.9087,-0.7315,0.1922,-1.0545,-0.091,1.0655,-0.4178,-2.0939,-1.8785,1.6187
0.4541,0.6021,0.5496,0.0994,-0.7315,0.1922,-1.0545,-0.0015,1.5319,-0.4178,-2.0939,-1.8785,1.6187
1.5,0.9448,0.7314,0.3017,-0.7315,0.1922,-1.0545,-0.0015,1.266,-0.4178,-2.0939,-1.8785,1.6187
0.6284,1.8014,0.9132,1.1111,-0.7315,0.1922,-1.0545,-0.0015,1.4246,-0.4178,-2.0939,-1.8785,1.6187
1.3257,1.4587,1.095,0.5041,-0.7315,0.1922,-1.0545,-0.0015,1.2093,-0.4178,-2.0939,-1.8785,1.6187
0.2797,-0.0832,1.2768,-1.5192,-0.7315,0.1922,-0.051,-0.0015,1.2147,1.4858,-2.0939,-1.8785,1.6187
-0.7662,-0.7685,1.4586,-2.5309,-0.7315,0.1922,0.9524,-1.4343,1.1803,1.4858,-2.0939,-1.8785,1.6187
-1.2892,-1.2824,-1.6319,0.3017,2.7907,0.3232,-1.0545,0.96,-1.2528,-0.4178,1.4271,0.7501,0.2973
-1.6379,-1.6251,-1.4501,-0.3053,1.707,0.3232,-1.0545,0.7621,-1.0732,-0.4178,1.4271,0.7501,0.2973
-1.4636,-1.4538,-1.2683,-0.3053,1.3005,0.3232,-1.0545,1.059,-0.6007,-0.4178,1.4271,0.7501,0.2973
-1.1149,-1.1111,-1.0865,-0.1029,0.8941,0.3232,-0.051,1.059,-1.3171,-0.4178,1.4271,0.7501,0.2973
0.2797,0.2595,-0.9047,1.3134,0.6232,0.3232,-1.0545,2.3458,-1.2054,-0.4178,1.4271,0.7501,0.2973
-0.7662,-0.7685,-0.7229,-0.1029,0.3523,0.3232,-1.0545,0.5641,-1.2484,-0.4178,1.4271,0.7501,0.2973
-0.9406,-0.9398,-0.5412,-0.5076,0.0813,0.3232,-1.0545,0.96,-1.0898,-0.4178,1.4271,0.7501,0.2973
1.6744,1.6301,-0.3594,2.325,-0.1896,0.3232,-1.0545,2.4447,-1.2086,-0.4178,1.4271,0.7501,0.2973
1.3257,1.2874,-0.1776,1.7181,-0.4606,0.3232,-1.0545,-0.0298,-1.0009,-0.4178,1.4271,0.7501,0.2973
-0.0689,1.8014,0.0042,2.1227,-0.596,0.3232,-1.0545,2.3458,-1.1976,-0.4178,1.4271,0.7501,0.2973
0.1054,0.0882,0.186,-0.1029,-0.7315,0.3232,-1.0545,-0.1288,-0.6855,-0.4178,1.4271,0.7501,0.2973
-0.2433,-0.2545,0.3678,-0.7099,-0.7315,0.3232,-0.051,-0.5247,-1.1637,1.4858,1.4271,0.7501,0.2973
0.6284,0.6021,0.5496,0.0994,-0.7315,0.3232,-0.051,1.356,-1.1361,1.4858,1.4271,0.7501,0.2973
1.5,1.4587,0.7314,0.9087,-0.7315,0.3232,-1.0545,1.7519,-1.1755,-0.4178,1.4271,0.7501,0.2973
0.8027,0.7734,0.9132,-0.1029,-0.7315,0.3232,-0.051,-0.2277,0.265,-0.4178,1.4271,0.7501,0.2973
0.9771,0.9448,1.095,-0.1029,-0.7315,0.1784,-0.051,-0.4257,-0.9695,-0.4178,1.4271,0.7501,0.2973
0.4541,1.8014,1.2768,0.7064,-0.7315,-0.1111,-1.0545,2.4447,-1.0405,-0.4178,1.4271,0.7501,0.2973
-0.5919,-0.5971,1.4586,-2.3286,-0.7315,-1.4137,-0.051,-0.0298,-1.1575,1.4858,1.4271,0.7501,0.2973
-0.4176,-0.4258,1.6404,-2.3286,-0.7315,-2.2822,-1.0545,0.1682,-1.0155,-0.4178,1.4271,0.7501,0.2973
-1.4636,-1.4538,-1.6319,0.0994,2.6552,0.3232,0.9524,-0.5022,-0.6079,-0.4178,2.6093,1.3853,-2.5153
-0.9406,-0.9398,-1.4501,0.5041,1.8424,0.3232,0.9524,-0.1602,-0.6568,-0.4178,2.6093,1.3853,-2.5153
-1.1149,-1.1111,-1.2683,0.0994,1.3005,0.3232,0.9524,-0.5022,-0.5461,-0.4178,2.6093,1.3853,-2.5153
-1.2892,-1.2824,-1.0865,-0.3053,0.8941,0.3232,0.9524,-0.7586,-0.5793,-0.4178,2.6093,1.3853,-2.5153
-0.7662,-0.7685,-0.9047,0.0994,0.6232,0.3232,0.9524,-1.528,0.0126,-0.4178,2.6093,1.3853,-2.5153
-0.5919,-0.5971,-0.7229,0.0994,0.3523,0.3232,-0.051,-0.4167,-0.4606,-0.4178,2.6093,1.3853,-2.5153
0.2797,0.2595,-0.5412,0.9087,0.0813,0.3232,0.9524,-0.5022,-0.5385,-0.4178,2.6093,1.3853,-2.5153
0.1054,0.0882,-0.3594,0.5041,-0.1896,0.3232,0.9524,-0.5877,-0.5186,-0.4178,2.6093,1.3853,-2.5153
1.1514,1.6301,-0.1776,2.1227,-0.4606,0.1982,0.9524,-0.7586,-0.3672,-0.4178,2.6093,1.3853,-2.5153
0.4541,0.4308,0.0042,0.5041,-0.596,0.1982,0.9524,-0.6731,-0.4667,-0.4178,2.6093,1.3853,-2.5153
0.9771,0.9448,0.186,0.9087,-0.7315,0.1982,-0.051,0.1817,-0.5142,-0.4178,2.6093,1.3853,-2.5153
-0.2433,-0.2545,0.3678,-0.7099,-0.7315,0.1982,0.9524,-0.6731,-0.5682,-0.4178,2.6093,1.3853,-2.5153
0.6284,0.6021,0.5496,0.0994,-0.7315,0.1982,0.9524,-0.7586,-0.2276,-0.4178,2.6093,1.3853,-2.5153
-0.0689,-0.0832,0.7314,-0.9123,-0.7315,0.1982,-0.051,-0.5877,-0.3427,-0.4178,2.6093,1.3853,-2.5153
1.3257,1.1161,0.9132,0.3017,-0.7315,0.1982,0.9524,-0.4167,-0.3443,-0.4178,2.6093,1.3853,-2.5153
1.6744,1.4587,1.095,0.5041,-0.7315,0.0731,0.9524,-0.5877,-0.4627,-0.4178,2.6093,1.3853,-2.5153
-0.4176,-0.4258,1.2768,-1.9239,-0.7315,0.0731,-0.051,-1.528,0.3365,1.4858,2.6093,1.3853,-2.5153
1.5,1.2874,1.4586,-0.1029,-0.7315,0.0731,1.9559,-0.6731,-0.3732,-0.4178,2.6093,1.3853,-2.5153
0.8027,0.7734,1.6404,-0.9123,-0.7315,-4.427,-1.0545,-0.7586,-0.3917,-0.4178,2.6093,1.3853,-2.5153
-1.6379,-1.6251,1.8222,-3.9472,-0.7315,-4.552,-1.0545,0.1817,-0.6544,-0.4178,2.6093,1.3853,-2.5153
-1.2892,-1.2824,-1.6319,0.3017,2.6552,0.3232,0.9524,-0.203,-0.1194,3.3894,-0.2308,-0.4691,1.2108
-1.4636,-1.4538,-1.4501,-0.1029,1.707,0.3232,-0.051,0.2378,-0.0808,-0.4178,-0.2308,-0.4691,1.2108
-1.1149,-1.1111,-1.2683,0.0994,1.3005,0.3232,0.9524,-0.0267,0.3793,3.3894,-0.2308,-0.4691,1.2108
-1.6379,-1.6251,-1.0865,-0.7099,0.8941,0.3232,0.9524,-0.0267,0.3598,1.4858,-0.2308,-0.4691,1.2108
-0.7662,-0.7685,-0.9047,0.0994,0.6232,0.3232,-0.051,0.2378,0.0563,1.4858,-0.2308,-0.4691,1.2108
-0.9406,-0.9398,-0.7229,-0.3053,0.4877,0.3232,1.9559,-0.1148,-0.0647,3.3894,-0.2308,-0.4691,1.2108
-0.5919,-0.5971,-0.5412,-0.1029,0.0813,0.3232,-0.051,0.2378,-0.1087,1.4858,-0.2308,-0.4691,1.2108
-0.4176,-0.4258,-0.3594,-0.1029,-0.1896,0.3232,0.9524,-0.2911,-0.0837,3.3894,-0.2308,-0.4691,1.2108
0.2797,0.2595,-0.1776,0.5041,-0.4606,0.3232,-0.051,0.1496,0.1587,-0.4178,-0.2308,-0.4691,1.2108
-0.2433,-0.2545,0.0042,-0.3053,-0.596,0.3232,0.9524,-1.0845,-0.0043,1.4858,-0.2308,-0.4691,1.2108
1.1514,1.1161,0.186,1.1111,-0.7315,0.3232,0.9524,-1.4371,1.4096,-0.4178,-0.2308,-0.4691,1.2108
-0.0689,-0.0832,0.3678,-0.5076,-0.7315,0.3232,-0.051,0.2378,-0.039,1.4858,-0.2308,-0.4691,1.2108
0.6284,0.6021,0.5496,0.0994,-0.7315,0.3232,-0.051,0.0615,0.1969,-0.4178,-0.2308,-0.4691,1.2108
1.3257,1.2874,0.7314,0.7064,-0.7315,0.3232,1.9559,-1.5253,0.6604,3.3894,-0.2308,-0.4691,1.2108
1.5,1.4587,0.9132,0.7064,-0.7315,0.1942,1.9559,-1.5253,1.6526,3.3894,-0.2308,-0.4691,1.2108
1.6744,1.6301,1.095,0.7064,-0.7315,0.1942,-0.051,0.0615,0.1046,1.4858,-0.2308,-0.4691,1.2108
0.1054,0.0882,1.2768,-1.3169,-0.7315,0.1942,1.9559,-1.0845,0.0762,5.293,-0.2308,-0.4691,1.2108
0.9771,0.9448,1.4586,-0.5076,-0.7315,-1.7394,0.9524,-0.0267,0.8597,1.4858,-0.2308,-0.4691,1.2108
0.8027,0.7734,1.6404,-0.9123,-0.7315,-4.8332,-0.051,-1.2608,1.4331,1.4858,-0.2308,-0.4691,1.2108
-1.2892,-1.2824,-1.6319,0.3017,2.6552,0.3232,-0.051,0.3778,-0.794,-0.4178,0.3974,1.1982,0.3317
-1.4636,-1.4538,-1.4501,-0.1029,1.8424,0.3232,-0.051,0.1565,-0.4407,-0.4178,0.3974,1.1982,0.3317
-0.9406,-0.9398,-1.2683,0.3017,1.3005,0.3232,-0.051,-0.6178,-0.9063,-0.4178,0.3974,1.1982,0.3317
-0.5919,-0.5971,-1.0865,0.5041,0.8941,0.3232,-0.051,-0.6178,-0.7829,-0.4178,0.3974,1.1982,0.3317
-0.7662,-0.7685,-0.9047,0.0994,0.6232,0.3232,-1.0545,-0.6178,-0.4738,-0.4178,0.3974,1.1982,0.3317
-0.2433,-0.2545,-0.7229,0.5041,0.3523,0.3232,-1.0545,-0.6178,-0.963,-0.4178,0.3974,1.1982,0.3317
-0.0689,-0.0832,-0.5412,0.5041,0.0813,0.3232,-1.0545,0.3778,-0.8986,-0.4178,0.3974,1.1982,0.3317
0.2797,0.2595,-0.3594,0.7064,-0.1896,0.3232,-1.0545,2.0372,-0.6544,-0.4178,0.3974,1.1982,0.3317
0.1054,0.0882,-0.1776,0.3017,-0.4606,0.3232,-1.0545,0.599,-0.7245,-0.4178,0.3974,1.1982,0.3317
0.4541,0.4308,0.0042,0.5041,-0.596,0.3232,-1.0545,2.0372,-0.4858,-0.4178,0.3974,1.1982,0.3317
0.8027,0.7734,0.186,0.7064,-0.7315,0.1614,-1.0545,2.0372,-0.8172,-0.4178,0.3974,1.1982,0.3317
1.1514,1.1161,0.3678,0.9087,-0.7315,0.1614,-0.051,-0.6178,-0.302,-0.4178,0.3974,1.1982,0.3317
-0.4176,-0.4258,0.5496,-1.1146,-0.7315,0.1614,-0.051,-0.6178,1.4423,1.4858,0.3974,1.1982,0.3317
1.6744,1.6301,0.7314,1.1111,-0.7315,0.1614,-0.051,-0.6178,-0.0935,-0.4178,0.3974,1.1982,0.3317
1.3257,1.2874,0.9132,0.5041,-0.7315,0.1614,-0.051,-1.2816,0.1322,-0.4178,0.3974,1.1982,0.3317
1.5,1.4587,1.095,0.5041,-0.7315,-0.4857,-1.0545,1.7053,-0.6015,-0.4178,0.3974,1.1982,0.3317
0.9771,0.9448,1.2768,-0.3053,-0.7315,-2.9122,-1.0545,-0.6178,-0.7021,-0.4178,0.3974,1.1982,0.3317
0.6284,0.6021,1.4586,-0.9123,-0.7315,-4.2064,-1.0545,-0.6178,-0.4133,-0.4178,0.3974,1.1982,0.3317
-1.6379,-1.6251,1.6404,-3.7449,-0.7315,-4.5299,-1.0545,-0.6178,-0.3712,-0.4178,0.3974,1.1982,0.3317
-1.6379,-1.6251,-1.6319,-0.1029,2.6552,0.3232,-0.051,-0.8881,-0.2217,-0.4178,-0.5312,0.5888,-1.3296
-1.2892,-1.2824,-1.4501,0.0994,1.8424,0.3232,-0.051,-0.0015,-0.1043,-0.4178,-0.5312,0.5888,-1.3296
-1.1149,-1.1111,-1.2683,0.0994,1.3005,0.3232,-0.051,-0.8881,-0.2451,-0.4178,-0.5312,0.5888,-1.3296
-0.4176,-0.4258,-1.0865,0.7064,0.8941,0.3232,-0.051,-0.0821,-0.2118,-0.4178,-0.5312,0.5888,-1.3296
0.8027,1.4587,-0.9047,2.7297,0.6232,0.3232,-1.0545,1.6911,0.2254,-0.4178,-0.5312,0.5888,-1.3296
-0.5919,-0.5971,-0.7229,0.0994,0.3523,0.3232,-0.051,-0.0821,-0.0511,-0.4178,-0.5312,0.5888,-1.3296
0.1054,0.0882,-0.5412,0.7064,0.0813,0.3232,-1.0545,2.3359,0.2035,-0.4178,-0.5312,0.5888,-1.3296
-0.0689,-0.0832,-0.3594,0.3017,-0.1896,0.3232,-0.051,-0.0821,-0.1877,-0.4178,-0.5312,0.5888,-1.3296
-1.4636,-1.4538,-0.1776,-1.5192,-0.4606,0.3232,-0.051,0.6433,-0.1221,-0.4178,-0.5312,0.5888,-1.3296
1.3257,1.1161,0.0042,1.3134,-0.596,0.3232,-1.0545,2.1747,0.0363,-0.4178,-0.5312,0.5888,-1.3296
-0.2433,-0.2545,0.186,-0.5076,-0.7315,0.3232,-0.051,-0.0821,0.2626,-0.4178,-0.5312,0.5888,-1.3296
1.1514,0.9448,0.3678,0.7064,-0.7315,0.3232,-0.051,-1.2105,-0.305,-0.4178,-0.5312,0.5888,-1.3296
0.2797,0.2595,0.5496,-0.3053,-0.7315,0.3232,-0.051,-0.1627,-0.2803,-0.4178,-0.5312,0.5888,-1.3296
0.9771,0.7734,0.7314,0.0994,-0.7315,0.3232,-0.051,-1.2105,-0.2967,-0.4178,-0.5312,0.5888,-1.3296
0.6284,0.6021,0.9132,-0.3053,-0.7315,0.3232,-0.051,-0.0821,1.7002,-0.4178,-0.5312,0.5888,-1.3296
1.5,1.2874,1.095,0.3017,-0.7315,0.3232,-0.051,-0.8881,0.3908,-0.4178,-0.5312,0.5888,-1.3296
-0.9406,-0.9398,1.2768,-2.5309,-0.7315,0.3232,-1.0545,-1.0493,2.6348,-0.4178,-0.5312,0.5888,-1.3296
1.6744,1.6301,1.4586,0.3017,-0.7315,-2.3876,-0.051,-0.8881,-0.3438,-0.4178,-0.5312,0.5888,-1.3296
-1.6379,-1.6251,-1.6319,-0.1029,2.6552,0.3232,0.9524,-1.505,0.6859,1.4858,-1.0299,-0.5739,0.3457
-1.1149,-1.1111,-1.4501,0.3017,1.707,0.3232,0.9524,-1.505,1.5296,-0.4178,-1.0299,-0.5739,0.3457
-0.9406,-0.9398,-1.2683,0.3017,1.436,0.3232,0.9524,-1.505,0.8681,1.4858,-1.0299,-0.5739,0.3457
-1.2892,-1.2824,-1.0865,-0.3053,0.8941,0.3232,-0.051,-1.505,0.7459,-0.4178,-1.0299,-0.5739,0.3457
-0.5919,-0.5971,-0.9047,0.3017,0.6232,0.3232,0.9524,-1.505,0.7423,1.4858,-1.0299,-0.5739,0.3457
-0.7662,-0.7685,-0.7229,-0.1029,0.3523,0.3232,0.9524,-1.505,0.7455,1.4858,-1.0299,-0.5739,0.3457
-1.4636,-1.4538,-0.5412,-1.1146,0.0813,0.3232,1.9559,-1.505,0.8115,1.4858,-1.0299,-0.5739,0.3457
1.5,1.4587,-0.3594,2.1227,-0.1896,0.3232,0.9524,-1.505,0.9825,1.4858,-1.0299,-0.5739,0.3457
1.3257,1.2874,-0.1776,1.7181,-0.4606,0.3232,0.9524,-1.505,0.8234,-0.4178,-1.0299,-0.5739,0.3457
1.1514,1.1161,0.0042,1.3134,-0.596,0.3232,-0.051,-1.505,0.8793,-0.4178,-1.0299,-0.5739,0.3457
1.6744,1.6301,0.186,1.7181,-0.7315,0.3232,0.9524,-1.505,0.826,-0.4178,-1.0299,-0.5739,0.3457
-0.0689,-0.0832,0.3678,-0.5076,-0.7315,0.3232,0.9524,-1.505,0.7117,-0.4178,-1.0299,-0.5739,0.3457
0.6284,0.6021,0.5496,0.0994,-0.7315,0.3232,1.9559,-1.505,0.9983,1.4858,-1.0299,-0.5739,0.3457
0.4541,0.4308,0.7314,-0.3053,-0.7315,0.3232,0.9524,-1.505,1.4047,1.4858,-1.0299,-0.5739,0.3457
0.8027,0.7734,0.9132,-0.1029,-0.7315,-2.0567,-0.051,-1.505,1.0529,1.4858,-1.0299,-0.5739,0.3457
0.1054,0.0882,1.095,-1.1146,-0.7315,-3.802,-0.051,-1.505,0.9111,1.4858,-1.0299,-0.5739,0.3457
-1.4636,-1.4538,-1.6319,0.0994,2.6552,0.3232,0.9524,0.4526,-0.713,-0.4178,-0.6319,-0.4993,-0.9919
-1.6379,-1.6251,-1.4501,-0.3053,1.8424,0.3232,0.9524,-0.5804,-0.6941,-0.4178,-0.6319,-0.4993,-0.9919
-0.2433,-0.4258,-1.2683,0.9087,1.3005,0.3232,-0.051,0.6115,-0.4412,-0.4178,-0.6319,-0.4993,-0.9919
-1.1149,-1.1111,-1.0865,-0.1029,0.8941,0.3232,-0.051,-0.7394,0.9778,1.4858,-0.6319,-0.4993,-0.9919
-0.9406,-0.7685,-0.9047,0.0994,0.6232,0.3232,-0.051,-0.342,-0.6268,1.4858,-0.6319,-0.4993,-0.9919
-0.5919,-0.2545,-0.7229,0.5041,0.3523,0.207,-0.051,-0.342,-0.5134,1.4858,-0.6319,-0.4993,-0.9919
0.8027,-0.0832,-0.5412,0.5041,0.0813,0.207,-0.051,-0.501,-0.0133,1.4858,-0.6319,-0.4993,-0.9919
-0.7662,-0.5971,-0.3594,-0.3053,-0.1896,0.207,-0.051,-0.4215,-0.584,1.4858,-0.6319,-0.4993,-0.9919
0.9771,0.0882,-0.1776,0.3017,-0.4606,0.207,-0.051,-0.6599,-0.6886,1.4858,-0.6319,-0.4993,-0.9919
-0.4176,1.4587,0.0042,1.7181,-0.596,0.207,0.9524,0.532,-0.5047,-0.4178,-0.6319,-0.4993,-0.9919
0.2797,1.8014,0.186,1.9204,-0.7315,0.207,-0.051,-1.1367,-0.3181,1.4858,-0.6319,-0.4993,-0.9919
0.1054,0.7734,0.3678,0.5041,-0.7315,0.207,-0.051,-0.7394,-0.571,1.4858,-0.6319,-0.4993,-0.9919
1.1514,0.2595,0.5496,-0.3053,-0.7315,0.207,-0.051,0.691,-0.6749,-0.4178,-0.6319,-0.4993,-0.9919
1.3257,0.4308,0.7314,-0.3053,-0.7315,0.207,-0.051,0.2937,0.1421,-0.4178,-0.6319,-0.4993,-0.9919
-0.0689,0.6021,0.9132,-0.3053,-0.7315,0.207,-0.051,-0.6599,0.0193,1.4858,-0.6319,-0.4993,-0.9919
0.6284,0.9448,1.095,-0.1029,-0.7315,0.207,-0.051,0.4526,-0.6863,-0.4178,-0.6319,-0.4993,-0.9919
1.6744,1.2874,1.2768,0.0994,-0.7315,0.207,-0.051,-0.0242,-0.6437,1.4858,-0.6319,-0.4993,-0.9919
-1.2892,-1.2824,1.4586,-3.1379,-0.7315,-1.4198,-0.051,0.532,-0.7427,1.4858,-0.6319,-0.4993,-0.9919
1.5,1.1161,1.6404,-0.5076,-0.7315,-2.3494,-0.051,-0.6599,-0.7203,1.4858,-0.6319,-0.4993,-0.9919
0.4541,-0.9398,1.8222,-3.1379,-0.7315,-5.1383,-1.0545,-1.534,-0.2775,-0.4178,-0.6319,-0.4993,-0.9919
-1.4636,-1.4538,-1.6319,0.0994,2.6552,0.3232,-1.0545,0.0898,2.0364,-0.4178,1.3372,1.9549,-0.3073
-1.1149,-1.1111,-1.4501,0.3017,1.707,0.3232,-1.0545,0.3027,2.4204,-0.4178,1.3372,1.9549,-0.3073
-0.7662,-0.7685,-1.2683,0.5041,1.3005,0.3232,-1.0545,0.3027,2.6378,-0.4178,1.3372,1.9549,-0.3073
-1.2892,-1.2824,-1.0865,-0.3053,0.8941,0.3232,-1.0545,0.3027,2.5946,-0.4178,1.3372,1.9549,-0.3073
-0.2433,1.4587,-0.9047,2.7297,0.7587,0.3232,-0.051,0.3027,3.3564,-0.4178,1.3372,1.9549,-0.3073
-0.5919,-0.5971,-0.7229,0.0994,0.3523,0.3232,-1.0545,0.3027,2.2876,-0.4178,1.3372,1.9549,-0.3073
-0.9406,-0.9398,-0.5412,-0.5076,0.0813,0.3232,-1.0545,0.3027,2.4904,-0.4178,1.3372,1.9549,-0.3073
0.2797,-0.0832,-0.3594,0.3017,-0.1896,0.3232,-1.0545,0.3027,3.93,-0.4178,1.3372,1.9549,-0.3073
0.1054,-0.2545,-0.1776,-0.1029,-0.4606,0.3232,-1.0545,0.3027,2.2357,-0.4178,1.3372,1.9549,-0.3073
1.1514,0.7734,0.0042,0.9087,-0.596,0.3232,-1.0545,0.3027,2.9507,-0.4178,1.3372,1.9549,-0.3073
0.6284,0.2595,0.186,0.0994,-0.7315,0.3232,-1.0545,0.4091,2.317,-0.4178,1.3372,1.9549,-0.3073
0.9771,0.6021,0.3678,0.3017,-0.7315,0.3232,-1.0545,0.3027,2.1768,-0.4178,1.3372,1.9549,-0.3073
0.8027,0.4308,0.5496,-0.1029,-0.7315,0.3232,-1.0545,0.3027,2.4586,-0.4178,1.3372,1.9549,-0.3073
0.4541,0.0882,0.7314,-0.7099,-0.7315,0.3232,-0.051,0.3027,2.4201,-0.4178,1.3372,1.9549,-0.3073
1.5,1.1161,0.9132,0.3017,-0.7315,0.3232,-0.051,-0.6554,2.3534,-0.4178,1.3372,1.9549,-0.3073
1.3257,0.9448,1.095,-0.1029,-0.7315,-0.6108,-0.051,-0.6554,3.7043,-0.4178,1.3372,1.9549,-0.3073
1.6744,1.2874,1.2768,0.0994,-0.7315,-1.7005,-0.051,0.4091,2.4265,-0.4178,1.3372,1.9549,-0.3073
-0.0689,1.6301,1.4586,0.3017,-0.7315,-2.1675,-0.051,-0.7619,2.301,-0.4178,1.3372,1.9549,-0.3073
-0.4176,-0.4258,1.8222,-2.5309,-0.7315,-5.2808,-1.0545,-0.4425,2.5121,-0.4178,1.3372,1.9549,-0.3073
-0.0689,-0.0832,-1.6319,1.7181,2.6552,0.3232,-0.051,-0.3239,-0.7551,-0.4178,-0.969,-0.9159,0.8658
-0.5919,-0.5971,-1.4501,0.9087,1.8424,0.3232,-0.051,-0.0821,-0.6338,-0.4178,-0.969,-0.9159,0.8658
-1.6379,-1.6251,-1.2683,-0.5076,1.3005,0.3232,-0.051,-0.3239,-0.5627,-0.4178,-0.969,-0.9159,0.8658
-1.4636,-1.4538,-1.0865,-0.5076,0.8941,0.3232,-0.051,-0.2433,-0.3859,-0.4178,-0.969,-0.9159,0.8658
0.1054,0.0882,-0.9047,1.1111,0.6232,0.3232,-0.051,-0.1627,-0.7845,-0.4178,-0.969,-0.9159,0.8658
-1.2892,-1.2824,-0.7229,-0.7099,0.3523,0.3232,0.9524,0.0791,-0.6604,1.4858,-0.969,-0.9159,0.8658
-1.1149,-1.1111,-0.5412,-0.7099,0.0813,0.3232,-0.051,-0.4851,-0.4712,1.4858,-0.969,-0.9159,0.8658
-0.7662,-0.7685,-0.3594,-0.5076,-0.1896,0.2053,-1.0545,0.0791,-0.5967,-0.4178,-0.969,-0.9159,0.8658
-0.9406,-0.9398,-0.1776,-0.9123,-0.4606,0.2053,-1.0545,0.2403,-0.2975,-0.4178,-0.969,-0.9159,0.8658
1.3257,1.2874,0.0042,1.5157,-0.596,0.2053,-0.051,-0.4045,-0.3704,-0.4178,-0.969,-0.9159,0.8658
0.6284,0.6021,0.186,0.5041,-0.7315,0.2053,-0.051,-0.4851,-0.6738,-0.4178,-0.969,-0.9159,0.8658
1.5,1.8014,0.3678,1.7181,-0.7315,0.2053,-0.051,-0.3239,-0.6967,-0.4178,-0.969,-0.9159,0.8658
0.2797,0.2595,0.5496,-0.3053,-0.7315,0.2053,-0.051,0.5627,0.0398,1.4858,-0.969,-0.9159,0.8658
0.8027,0.7734,0.7314,0.0994,-0.7315,0.2053,-0.051,0.0791,-0.4615,-0.4178,-0.969,-0.9159,0.8658
-0.2433,-0.2545,0.9132,-1.3169,-0.7315,0.2053,-0.051,-0.4045,-0.7052,1.4858,-0.969,-0.9159,0.8658
0.4541,0.4308,1.095,-0.7099,-0.7315,0.2053,0.9524,-1.1299,0.0524,1.4858,-0.969,-0.9159,0.8658
1.1514,1.1161,1.2768,-0.1029,-0.7315,0.2053,0.9524,-1.4523,0.1416,-0.4178,-0.969,-0.9159,0.8658
1.6744,1.4587,1.4586,0.0994,-0.7315,0.2053,0.9524,-0.1627,-0.1409,-0.4178,-0.969,-0.9159,0.8658
0.9771,0.9448,1.6404,-0.7099,-0.7315,0.0874,0.9524,-0.5657,-0.6318,-0.4178,-0.969,-0.9159,0.8658
-0.4176,-0.4258,1.8222,-2.5309,-0.7315,-0.2661,-1.0545,0.4821,-0.5589,-0.4178,-0.969,-0.9159,0.8658
-1.6379,0.6021,-1.6319,2.5274,2.7907,0.3232,-0.051,0.3099,-0.493,-0.4178,-0.3276,0.053,-0.6995
-1.2892,-1.4538,-1.4501,-0.1029,1.707,0.3232,-0.051,0.1817,-0.5135,-0.4178,-0.3276,0.053,-0.6995
-1.4636,-1.6251,-1.2683,-0.5076,1.3005,0.3232,-0.051,-0.203,-0.4841,1.4858,-0.3276,0.053,-0.6995
-0.4176,-0.9398,-1.0865,0.0994,0.8941,0.3232,-0.051,0.0535,-0.4333,-0.4178,-0.3276,0.053,-0.6995
-0.7662,-1.2824,-0.9047,-0.5076,0.6232,0.3232,-0.051,-0.203,-0.3541,-0.4178,-0.3276,0.053,-0.6995
-1.1149,0.7734,-0.7229,1.7181,0.3523,0.3232,0.9524,-1.2288,-0.2989,-0.4178,-0.3276,0.053,-0.6995
-0.9406,0.9448,-0.5412,1.7181,0.0813,0.3232,-0.051,-0.0748,-0.3134,-0.4178,-0.3276,0.053,-0.6995
0.9771,-0.0832,-0.3594,0.3017,-0.1896,0.3232,-0.051,0.1817,-0.408,-0.4178,-0.3276,0.053,-0.6995
0.2797,1.8014,-0.1776,2.325,-0.4606,0.3232,-0.051,-0.3312,-0.4735,1.4858,-0.3276,0.053,-0.6995
-0.2433,-0.7685,0.0042,-0.9123,-0.596,0.3232,-0.051,-0.3312,-0.2388,-0.4178,-0.3276,0.053,-0.6995
0.6284,-0.2545,0.186,-0.5076,-0.7315,0.3232,-0.051,0.3099,-0.3232,-0.4178,-0.3276,0.053,-0.6995
-0.0689,1.1161,0.3678,0.9087,-0.7315,0.3232,-0.051,0.0535,-0.354,-0.4178,-0.3276,0.053,-0.6995
1.5,1.8014,0.5496,1.5157,-0.7315,0.3232,-0.051,0.6946,0.4162,1.4858,-0.3276,0.053,-0.6995
0.4541,1.2874,0.7314,0.7064,-0.7315,0.3232,-0.051,0.1817,-0.3029,-0.4178,-0.3276,0.053,-0.6995
0.1054,-0.5971,0.9132,-1.7216,-0.7315,0.3232,-0.051,-0.0748,-0.3904,-0.4178,-0.3276,0.053,-0.6995
1.3257,0.2595,1.095,-0.9123,-0.7315,0.1357,-0.051,-0.203,0.007,-0.4178,-0.3276,0.053,-0.6995
0.8027,1.4587,1.2768,0.3017,-0.7315,0.1357,-0.051,0.1817,-0.0999,-0.4178,-0.3276,0.053,-0.6995
1.1514,0.0882,1.4586,-1.5192,-0.7315,0.1357,0.9524,-1.2288,0.5457,1.4858,-0.3276,0.053,-0.6995
-1.6379,-1.6251,-1.6319,-0.1029,2.7907,0.3232,1.9559,-0.203,-1.3616,1.4858,-0.1403,-0.22,1.1953
-0.7662,-0.7685,-1.4501,0.7064,1.707,0.3232,0.9524,0.8157,-0.9152,1.4858,-0.1403,-0.22,1.1953
-1.4636,-1.4538,-1.2683,-0.3053,1.3005,0.3232,1.9559,-0.2813,-1.4247,1.4858,-0.1403,-0.22,1.1953
-1.1149,-1.1111,-1.0865,-0.1029,0.8941,0.3232,0.9524,0.659,-1.521,-0.4178,-0.1403,-0.22,1.1953
-0.9406,-0.9398,-0.9047,-0.1029,0.6232,0.3232,1.9559,-0.5164,-1.4653,1.4858,-0.1403,-0.22,1.1953
0.4541,0.4308,-0.7229,1.3134,0.3523,0.3232,0.9524,-0.6731,-1.223,-0.4178,-0.1403,-0.22,1.1953
-0.5919,-0.5971,-0.5412,-0.1029,0.0813,0.3232,0.9524,-0.2813,-0.9006,1.4858,-0.1403,-0.22,1.1953
-1.2892,-1.2824,-0.3594,-1.1146,-0.1896,0.3232,0.9524,-0.5164,-0.3228,1.4858,-0.1403,-0.22,1.1953
0.2797,0.2595,-0.1776,0.5041,-0.4606,0.3232,0.9524,-0.203,-1.3391,-0.4178,-0.1403,-0.22,1.1953
-0.0689,-0.0832,0.0042,-0.1029,-0.596,0.3232,1.9559,-0.3597,-1.3284,1.4858,-0.1403,-0.22,1.1953
0.1054,0.0882,0.186,-0.1029,-0.7315,0.3232,1.9559,-0.7515,-1.5103,1.4858,-0.1403,-0.22,1.1953
0.8027,0.7734,0.3678,0.5041,-0.7315,0.3232,1.9559,0.0321,-1.3194,1.4858,-0.1403,-0.22,1.1953
-0.4176,-0.4258,0.5496,-1.1146,-0.7315,0.3232,1.9559,-0.5948,-0.8602,1.4858,-0.1403,-0.22,1.1953
1.5,1.4587,0.7314,0.9087,-0.7315,0.3232,1.9559,-0.9082,-1.2821,1.4858,-0.1403,-0.22,1.1953
1.3257,1.2874,0.9132,0.5041,-0.7315,0.3232,1.9559,-0.5164,-0.8962,1.4858,-0.1403,-0.22,1.1953
0.6284,0.6021,1.095,-0.5076,-0.7315,0.3232,1.9559,-0.6731,-1.0478,-0.4178,-0.1403,-0.22,1.1953
1.1514,1.1161,1.2768,-0.1029,-0.7315,0.3232,2.9594,-0.7515,-1.2676,1.4858,-0.1403,-0.22,1.1953
1.6744,1.6301,1.4586,0.3017,-0.7315,0.2086,1.9559,-0.5948,-1.236,1.4858,-0.1403,-0.22,1.1953
0.9771,0.9448,1.6404,-0.7099,-0.7315,-1.854,-0.051,-0.3597,-0.9338,-0.4178,-0.1403,-0.22,1.1953
-0.2433,-0.2545,1.8222,-2.3286,-0.7315,-2.9998,0.9524,-0.5948,1.0346,1.4858,-0.1403,-0.22,1.1953
-1.6379,-1.6251,-1.6319,-0.1029,2.6552,0.3232,-0.051,-0.2277,-0.094,-0.4178,0.7941,-0.4719,-1.7334
-1.4636,-1.4538,-1.4501,-0.1029,1.707,0.3232,-0.051,0.0692,-0.0785,-0.4178,0.7941,-0.4719,-1.7334
-0.9406,-0.9398,-1.2683,0.3017,1.3005,0.3232,-0.051,-0.2277,0.0528,-0.4178,0.7941,-0.4719,-1.7334
-1.1149,-1.1111,-1.0865,-0.1029,0.8941,0.3232,-0.051,-0.3267,-0.1412,-0.4178,0.7941,-0.4719,-1.7334
-0.5919,-0.5971,-0.9047,0.3017,0.6232,0.3232,-0.051,-0.4257,-0.0768,-0.4178,0.7941,-0.4719,-1.7334
-0.4176,-0.4258,-0.7229,0.3017,0.3523,0.3232,-0.051,-0.1288,-0.0053,-0.4178,0.7941,-0.4719,-1.7334
-0.7662,-0.7685,-0.5412,-0.3053,0.0813,0.3232,-0.051,-0.3267,0.1326,-0.4178,0.7941,-0.4719,-1.7334
0.2797,0.2595,-0.3594,0.7064,-0.1896,0.3232,-0.051,-0.5247,0.09,-0.4178,0.7941,-0.4719,-1.7334
1.6744,1.6301,-0.1776,2.1227,-0.4606,0.3232,0.9524,-0.7226,0.0192,-0.4178,0.7941,-0.4719,-1.7334
0.8027,0.7734,0.0042,0.9087,-0.596,0.3232,0.9524,-0.5247,-0.0519,-0.4178,0.7941,-0.4719,-1.7334
0.6284,0.6021,0.186,0.5041,-0.7315,0.3232,0.9524,-0.6237,0.0164,-0.4178,0.7941,-0.4719,-1.7334
0.9771,0.9448,0.3678,0.7064,-0.7315,0.1784,0.9524,-0.4257,0.0736,-0.4178,0.7941,-0.4719,-1.7334
1.1514,1.1161,0.5496,0.7064,-0.7315,0.1784,0.9524,-0.1288,0.0464,-0.4178,0.7941,-0.4719,-1.7334
1.5,1.4587,0.7314,0.9087,-0.7315,0.1784,-0.051,-0.5247,0.0111,-0.4178,0.7941,-0.4719,-1.7334
-0.0689,-0.0832,0.9132,-1.1146,-0.7315,0.1784,0.9524,-0.5247,1.0461,-0.4178,0.7941,-0.4719,-1.7334
0.4541,0.4308,1.095,-0.7099,-0.7315,0.1784,0.9524,-0.4257,0.4011,-0.4178,0.7941,-0.4719,-1.7334
0.1054,0.0882,1.2768,-1.3169,-0.7315,0.0337,3.9629,-0.6237,1.495,1.4858,0.7941,-0.4719,-1.7334
-0.2433,-0.2545,1.4586,-1.9239,-0.7315,-1.9927,0.9524,-0.4257,2.3791,-0.4178,0.7941,-0.4719,-1.7334
-1.2892,-1.2824,1.6404,-3.3402,-0.7315,-2.2822,-0.051,-0.3267,-0.115,-0.4178,0.7941,-0.4719,-1.7334
