season,round,race_name,driver_code,constructor_name,did_not_finish,rainfall,quali_position,grid,final_position_num,positions_gained,points,laps_pct,num_pitstops,first_stop_pct,avg_pitstop_duration_s,num_compounds_used,air_temp_mean,track_temp_mean,humidity_mean
2021,1,Bahrain Grand Prix,HAM,Mercedes,False,False,2.0,2,1,1,25.0,1.0,2,0.2321,24.4575,2.0,20.5383,27.6278,54.5173
2021,1,Bahrain Grand Prix,VER,Red Bull,False,False,1.0,1,2,-1,18.0,1.0,2,0.3036,24.3075,2.0,20.5383,27.6278,54.5173
2021,1,Bahrain Grand Prix,BOT,Mercedes,False,False,3.0,3,3,0,16.0,1.0,3,0.2857,27.2417,2.0,20.5383,27.6278,54.5173
2021,1,Bahrain Grand Prix,NOR,McLaren,False,False,7.0,7,4,3,12.0,1.0,2,0.2143,25.2695,3.0,20.5383,27.6278,54.5173
2021,1,Bahrain Grand Prix,PER,Red Bull,False,False,11.0,21,5,16,10.0,1.0,3,0.0357,24.0963,2.0,20.5383,27.6278,54.5173
2021,1,Bahrain Grand Prix,LEC,Ferrari,False,False,4.0,4,6,-2,8.0,1.0,2,0.2143,24.5505,3.0,20.5383,27.6278,54.5173
2021,1,Bahrain Grand Prix,RIC,McLaren,False,False,6.0,6,7,-1,6.0,1.0,2,0.2321,24.6715,3.0,20.5383,27.6278,54.5173
2021,1,Bahrain Grand Prix,SAI,Ferrari,False,False,8.0,8,8,0,4.0,1.0,2,0.2679,24.347,3.0,20.5383,27.6278,54.5173
2021,1,Bahrain Grand Prix,TSU,AlphaTauri,False,False,13.0,13,9,4,2.0,1.0,2,0.2679,24.687,2.0,20.5383,27.6278,54.5173
2021,1,Bahrain Grand Prix,STR,Aston Martin,False,False,10.0,10,10,0,1.0,1.0,2,0.2143,25.2045,3.0,20.5383,27.6278,54.5173
2021,1,Bahrain Grand Prix,RAI,Alfa Romeo,False,False,14.0,14,11,3,0.0,1.0,2,0.2321,24.0765,2.0,20.5383,27.6278,54.5173
2021,1,Bahrain Grand Prix,GIO,Alfa Romeo,False,False,12.0,12,12,0,0.0,0.9821,2,0.2143,28.1105,2.0,20.5383,27.6278,54.5173
2021,1,Bahrain Grand Prix,OCO,Alpine F1 Team,False,False,16.0,16,13,3,0.0,0.9821,2,0.2321,24.8485,3.0,20.5383,27.6278,54.5173
2021,1,Bahrain Grand Prix,RUS,Williams,False,False,15.0,15,14,1,0.0,0.9821,2,0.2321,24.4345,2.0,20.5383,27.6278,54.5173
2021,1,Bahrain Grand Prix,VET,Aston Martin,False,False,18.0,20,15,5,0.0,0.9821,1,0.4286,24.626,2.0,20.5383,27.6278,54.5173
2021,1,Bahrain Grand Prix,MSC,Haas F1 Team,False,False,19.0,18,16,2,0.0,0.9821,2,0.25,25.5705,2.0,20.5383,27.6278,54.5173
2021,1,Bahrain Grand Prix,GAS,AlphaTauri,True,False,5.0,5,17,-12,0.0,0.9286,3,0.0714,29.2127,2.0,20.5383,27.6278,54.5173
2021,1,Bahrain Grand Prix,LAT,Williams,True,False,17.0,17,18,-1,0.0,0.9107,2,0.25,25.0145,2.0,20.5383,27.6278,54.5173
2021,1,Bahrain Grand Prix,ALO,Alpine F1 Team,True,False,9.0,9,19,-10,0.0,0.5714,2,0.1964,24.574,3.0,20.5383,27.6278,54.5173
2021,2,Emilia Romagna Grand Prix,VER,Red Bull,False,True,3.0,3,1,2,25.0,1.0,2,0.4286,29.809,2.0,10.6211,16.8273,69.4888
2021,2,Emilia Romagna Grand Prix,HAM,Mercedes,False,True,1.0,1,2,-1,19.0,1.0,4,0.4444,35.155,2.0,10.6211,16.8273,69.4888
2021,2,Emilia Romagna Grand Prix,NOR,McLaren,False,True,7.0,7,3,4,15.0,1.0,2,0.4444,30.654,3.0,10.6211,16.8273,69.4888
2021,2,Emilia Romagna Grand Prix,LEC,Ferrari,False,True,4.0,4,4,0,12.0,1.0,2,0.4444,31.002,2.0,10.6211,16.8273,69.4888
2021,2,Emilia Romagna Grand Prix,SAI,Ferrari,False,True,11.0,11,5,6,10.0,1.0,2,0.4286,30.856,2.0,10.6211,16.8273,69.4888
2021,2,Emilia Romagna Grand Prix,RIC,McLaren,False,True,6.0,6,6,0,8.0,1.0,2,0.4286,34.34,3.0,10.6211,16.8273,69.4888
2021,2,Emilia Romagna Grand Prix,GAS,AlphaTauri,False,True,5.0,5,7,-2,6.0,1.0,4,0.2222,39.8093,3.0,10.6211,16.8273,69.4888
2021,2,Emilia Romagna Grand Prix,STR,Aston Martin,False,True,10.0,10,8,2,4.0,1.0,3,0.4286,31.138,2.0,10.6211,16.8273,69.4888
2021,2,Emilia Romagna Grand Prix,OCO,Alpine F1 Team,False,True,9.0,9,9,0,2.0,1.0,5,0.0159,37.238,4.0,10.6211,16.8273,69.4888
2021,2,Emilia Romagna Grand Prix,ALO,Alpine F1 Team,False,True,15.0,15,10,5,1.0,1.0,3,0.4444,44.2325,2.0,10.6211,16.8273,69.4888
2021,2,Emilia Romagna Grand Prix,PER,Red Bull,False,True,2.0,2,11,-9,0.0,1.0,2,0.4444,44.608,3.0,10.6211,16.8273,69.4888
2021,2,Emilia Romagna Grand Prix,TSU,AlphaTauri,False,True,20.0,20,12,8,0.0,1.0,3,0.3968,30.696,3.0,10.6211,16.8273,69.4888
2021,2,Emilia Romagna Grand Prix,RAI,Alfa Romeo,False,True,16.0,16,13,3,0.0,1.0,3,0.4127,30.28,2.0,10.6211,16.8273,69.4888
2021,2,Emilia Romagna Grand Prix,GIO,Alfa Romeo,False,True,17.0,17,14,3,0.0,0.9841,4,0.4286,31.0205,2.0,10.6211,16.8273,69.4888
2021,2,Emilia Romagna Grand Prix,VET,Aston Martin,True,True,13.0,21,15,6,0.0,0.9683,5,0.0476,38.6882,3.0,10.6211,16.8273,69.4888
2021,2,Emilia Romagna Grand Prix,MSC,Haas F1 Team,False,True,18.0,18,16,2,0.0,0.9683,4,0.0794,44.9027,4.0,10.6211,16.8273,69.4888
2021,2,Emilia Romagna Grand Prix,MAZ,Haas F1 Team,False,True,19.0,19,17,2,0.0,0.9683,4,0.1905,37.4657,4.0,10.6211,16.8273,69.4888
2021,2,Emilia Romagna Grand Prix,BOT,Mercedes,True,True,8.0,8,18,-10,0.0,0.4762,1,0.4444,30.167,2.0,10.6211,16.8273,69.4888
2021,2,Emilia Romagna Grand Prix,RUS,Williams,True,True,12.0,12,19,-7,0.0,0.4762,1,0.4127,29.983,2.0,10.6211,16.8273,69.4888
2021,3,Portuguese Grand Prix,HAM,Mercedes,False,False,2.0,2,1,1,25.0,1.0,3,0.0303,23.8323,2.0,19.3925,38.9507,39.4037
2021,3,Portuguese Grand Prix,VER,Red Bull,False,False,3.0,3,2,1,18.0,1.0,4,0.0303,24.471,3.0,19.3925,38.9507,39.4037
2021,3,Portuguese Grand Prix,BOT,Mercedes,False,False,1.0,1,3,-2,16.0,1.0,4,0.0303,24.24,3.0,19.3925,38.9507,39.4037
2021,3,Portuguese Grand Prix,PER,Red Bull,False,False,4.0,4,4,0,12.0,1.0,3,0.0303,23.5323,2.0,19.3925,38.9507,39.4037
2021,3,Portuguese Grand Prix,NOR,McLaren,False,False,7.0,7,5,2,10.0,1.0,3,0.0303,23.6367,2.0,19.3925,38.9507,39.4037
2021,3,Portuguese Grand Prix,LEC,Ferrari,False,False,8.0,8,6,2,8.0,1.0,3,0.0303,23.664,2.0,19.3925,38.9507,39.4037
2021,3,Portuguese Grand Prix,OCO,Alpine F1 Team,False,False,6.0,6,7,-1,6.0,1.0,3,0.0303,23.516,2.0,19.3925,38.9507,39.4037
2021,3,Portuguese Grand Prix,ALO,Alpine F1 Team,False,False,13.0,13,8,5,4.0,1.0,3,0.0303,23.1717,2.0,19.3925,38.9507,39.4037
2021,3,Portuguese Grand Prix,RIC,McLaren,False,False,16.0,16,9,7,2.0,1.0,3,0.0303,24.3197,2.0,19.3925,38.9507,39.4037
2021,3,Portuguese Grand Prix,GAS,AlphaTauri,False,False,9.0,9,10,-1,1.0,1.0,3,0.0303,23.2813,2.0,19.3925,38.9507,39.4037
2021,3,Portuguese Grand Prix,SAI,Ferrari,False,False,5.0,5,11,-6,0.0,1.0,3,0.0303,23.3883,2.0,19.3925,38.9507,39.4037
2021,3,Portuguese Grand Prix,GIO,Alfa Romeo,False,False,12.0,12,12,0,0.0,0.9848,3,0.0303,23.961,2.0,19.3925,38.9507,39.4037
2021,3,Portuguese Grand Prix,VET,Aston Martin,False,False,10.0,10,13,-3,0.0,0.9848,3,0.0303,23.256,2.0,19.3925,38.9507,39.4037
2021,3,Portuguese Grand Prix,STR,Aston Martin,False,False,17.0,17,14,3,0.0,0.9848,3,0.0303,23.489,2.0,19.3925,38.9507,39.4037
2021,3,Portuguese Grand Prix,TSU,AlphaTauri,False,False,14.0,14,15,-1,0.0,0.9848,3,0.0303,23.67,2.0,19.3925,38.9507,39.4037
2021,3,Portuguese Grand Prix,RUS,Williams,False,False,11.0,11,16,-5,0.0,0.9848,3,0.0303,24.3767,2.0,19.3925,38.9507,39.4037
2021,3,Portuguese Grand Prix,MSC,Haas F1 Team,False,False,19.0,19,17,2,0.0,0.9697,3,0.0303,23.5727,2.0,19.3925,38.9507,39.4037
2021,3,Portuguese Grand Prix,LAT,Williams,False,False,18.0,18,18,0,0.0,0.9697,3,0.0303,23.4317,2.0,19.3925,38.9507,39.4037
2021,3,Portuguese Grand Prix,MAZ,Haas F1 Team,False,False,20.0,20,19,1,0.0,0.9697,4,0.0303,24.2365,3.0,19.3925,38.9507,39.4037
2021,4,Spanish Grand Prix,HAM,Mercedes,False,False,1.0,1,1,0,25.0,1.0,2,0.4242,22.149,2.0,22.2031,32.9223,57.5531
2021,4,Spanish Grand Prix,VER,Red Bull,False,False,2.0,2,2,0,19.0,1.0,2,0.3636,22.5785,2.0,22.2031,32.9223,57.5531
2021,4,Spanish Grand Prix,BOT,Mercedes,False,False,3.0,3,3,0,15.0,1.0,2,0.3485,21.9745,2.0,22.2031,32.9223,57.5531
2021,4,Spanish Grand Prix,LEC,Ferrari,False,False,4.0,4,4,0,12.0,1.0,2,0.4242,21.9525,2.0,22.2031,32.9223,57.5531
2021,4,Spanish Grand Prix,PER,Red Bull,False,False,8.0,8,5,3,10.0,1.0,2,0.4091,21.8635,2.0,22.2031,32.9223,57.5531
2021,4,Spanish Grand Prix,RIC,McLaren,False,False,7.0,7,6,1,8.0,1.0,2,0.3788,22.084,2.0,22.2031,32.9223,57.5531
2021,4,Spanish Grand Prix,SAI,Ferrari,False,False,6.0,6,7,-1,6.0,1.0,2,0.3333,21.8175,2.0,22.2031,32.9223,57.5531
2021,4,Spanish Grand Prix,NOR,McLaren,False,False,9.0,9,8,1,4.0,0.9848,2,0.3485,22.1655,2.0,22.2031,32.9223,57.5531
2021,4,Spanish Grand Prix,OCO,Alpine F1 Team,False,False,5.0,5,9,-4,2.0,0.9848,1,0.3485,22.798,2.0,22.2031,32.9223,57.5531
2021,4,Spanish Grand Prix,GAS,AlphaTauri,False,False,12.0,12,10,2,1.0,0.9848,2,0.2727,27.0535,2.0,22.2031,32.9223,57.5531
2021,4,Spanish Grand Prix,STR,Aston Martin,False,False,11.0,11,11,0,0.0,0.9848,2,0.3333,21.594,2.0,22.2031,32.9223,57.5531
2021,4,Spanish Grand Prix,RAI,Alfa Romeo,False,False,17.0,17,12,5,0.0,0.9848,1,0.5606,21.572,2.0,22.2031,32.9223,57.5531
2021,4,Spanish Grand Prix,VET,Aston Martin,False,False,13.0,13,13,0,0.0,0.9848,2,0.3182,22.53,2.0,22.2031,32.9223,57.5531
2021,4,Spanish Grand Prix,RUS,Williams,False,False,15.0,15,14,1,0.0,0.9848,2,0.1364,22.8665,2.0,22.2031,32.9223,57.5531
2021,4,Spanish Grand Prix,GIO,Alfa Romeo,False,False,14.0,14,15,-1,0.0,0.9848,2,0.1212,38.772,2.0,22.2031,32.9223,57.5531
2021,4,Spanish Grand Prix,LAT,Williams,False,False,19.0,19,16,3,0.0,0.9848,3,0.1364,23.5003,2.0,22.2031,32.9223,57.5531
2021,4,Spanish Grand Prix,ALO,Alpine F1 Team,False,False,10.0,10,17,-7,0.0,0.9848,2,0.3182,22.761,2.0,22.2031,32.9223,57.5531
2021,4,Spanish Grand Prix,MSC,Haas F1 Team,False,False,18.0,18,18,0,0.0,0.9697,2,0.3485,23.158,2.0,22.2031,32.9223,57.5531
2021,4,Spanish Grand Prix,MAZ,Haas F1 Team,False,False,20.0,20,19,1,0.0,0.9697,2,0.3333,22.8,2.0,22.2031,32.9223,57.5531
2021,5,Monaco Grand Prix,VER,Red Bull,False,False,2.0,2,1,1,25.0,1.0,1,0.4359,23.746,2.0,20.7607,37.5956,61.4244
2021,5,Monaco Grand Prix,SAI,Ferrari,False,False,4.0,4,2,2,18.0,1.0,1,0.4103,24.15,2.0,20.7607,37.5956,61.4244
2021,5,Monaco Grand Prix,NOR,McLaren,False,False,5.0,5,3,2,15.0,1.0,1,0.3846,23.874,2.0,20.7607,37.5956,61.4244
2021,5,Monaco Grand Prix,PER,Red Bull,False,False,9.0,9,4,5,12.0,1.0,1,0.4487,24.548,2.0,20.7607,37.5956,61.4244
2021,5,Monaco Grand Prix,VET,Aston Martin,False,False,8.0,8,5,3,10.0,1.0,1,0.3974,24.369,2.0,20.7607,37.5956,61.4244
2021,5,Monaco Grand Prix,GAS,AlphaTauri,False,False,6.0,6,6,0,8.0,1.0,1,0.3846,24.428,2.0,20.7607,37.5956,61.4244
2021,5,Monaco Grand Prix,HAM,Mercedes,False,False,7.0,7,7,0,7.0,1.0,2,0.3718,24.0135,2.0,20.7607,37.5956,61.4244
2021,5,Monaco Grand Prix,STR,Aston Martin,False,False,13.0,13,8,5,4.0,0.9872,1,0.7436,23.474,2.0,20.7607,37.5956,61.4244
2021,5,Monaco Grand Prix,OCO,Alpine F1 Team,False,False,11.0,11,9,2,2.0,0.9872,1,0.4744,23.935,2.0,20.7607,37.5956,61.4244
2021,5,Monaco Grand Prix,GIO,Alfa Romeo,False,False,10.0,10,10,0,1.0,0.9872,1,0.4231,24.521,2.0,20.7607,37.5956,61.4244
2021,5,Monaco Grand Prix,RAI,Alfa Romeo,False,False,14.0,14,11,3,0.0,0.9872,1,0.5513,24.077,2.0,20.7607,37.5956,61.4244
2021,5,Monaco Grand Prix,RIC,McLaren,False,False,12.0,12,12,0,0.0,0.9872,1,0.4615,24.715,2.0,20.7607,37.5956,61.4244
2021,5,Monaco Grand Prix,ALO,Alpine F1 Team,False,False,17.0,17,13,4,0.0,0.9872,1,0.5769,23.803,2.0,20.7607,37.5956,61.4244
2021,5,Monaco Grand Prix,RUS,Williams,False,False,15.0,15,14,1,0.0,0.9872,1,0.3974,23.928,2.0,20.7607,37.5956,61.4244
2021,5,Monaco Grand Prix,LAT,Williams,False,False,18.0,18,15,3,0.0,0.9872,1,0.5513,23.703,2.0,20.7607,37.5956,61.4244
2021,5,Monaco Grand Prix,TSU,AlphaTauri,False,False,16.0,16,16,0,0.0,0.9872,1,0.8205,24.43,2.0,20.7607,37.5956,61.4244
2021,5,Monaco Grand Prix,MAZ,Haas F1 Team,False,False,19.0,19,17,2,0.0,0.9615,1,0.4359,25.202,2.0,20.7607,37.5956,61.4244
2021,6,Azerbaijan Grand Prix,PER,Red Bull,False,False,7.0,6,1,5,25.0,1.0,3,0.2549,18.5755,2.0,24.1709,38.3145,55.8052
2021,6,Azerbaijan Grand Prix,VET,Aston Martin,False,False,11.0,11,2,9,18.0,1.0,3,0.3529,17.393,2.0,24.1709,38.3145,55.8052
2021,6,Azerbaijan Grand Prix,GAS,AlphaTauri,False,False,4.0,4,3,1,15.0,1.0,3,0.2157,17.6205,2.0,24.1709,38.3145,55.8052
2021,6,Azerbaijan Grand Prix,LEC,Ferrari,False,False,1.0,1,4,-3,12.0,1.0,3,0.1765,17.464,2.0,24.1709,38.3145,55.8052
2021,6,Azerbaijan Grand Prix,NOR,McLaren,False,False,6.0,9,5,4,10.0,1.0,3,0.1373,18.1995,2.0,24.1709,38.3145,55.8052
2021,6,Azerbaijan Grand Prix,ALO,Alpine F1 Team,False,False,9.0,8,6,2,8.0,1.0,4,0.1373,18.5277,2.0,24.1709,38.3145,55.8052
2021,6,Azerbaijan Grand Prix,TSU,AlphaTauri,False,False,8.0,7,7,0,6.0,1.0,3,0.1765,17.598,2.0,24.1709,38.3145,55.8052
2021,6,Azerbaijan Grand Prix,SAI,Ferrari,False,False,5.0,5,8,-3,4.0,1.0,3,0.1961,17.5915,2.0,24.1709,38.3145,55.8052
2021,6,Azerbaijan Grand Prix,RIC,McLaren,False,False,13.0,13,9,4,2.0,1.0,3,0.2157,17.538,2.0,24.1709,38.3145,55.8052
2021,6,Azerbaijan Grand Prix,RAI,Alfa Romeo,False,False,14.0,14,10,4,1.0,1.0,3,0.2549,17.556,3.0,24.1709,38.3145,55.8052
2021,6,Azerbaijan Grand Prix,GIO,Alfa Romeo,False,False,20.0,20,11,9,0.0,1.0,4,0.0392,18.492,2.0,24.1709,38.3145,55.8052
2021,6,Azerbaijan Grand Prix,BOT,Mercedes,False,False,10.0,10,12,-2,0.0,1.0,3,0.2157,20.851,2.0,24.1709,38.3145,55.8052
2021,6,Azerbaijan Grand Prix,MSC,Haas F1 Team,False,False,17.0,17,13,4,0.0,1.0,5,0.1569,19.695,2.0,24.1709,38.3145,55.8052
2021,6,Azerbaijan Grand Prix,MAZ,Haas F1 Team,False,False,18.0,18,14,4,0.0,1.0,6,0.1765,20.8878,2.0,24.1709,38.3145,55.8052
2021,6,Azerbaijan Grand Prix,HAM,Mercedes,False,False,2.0,2,15,-13,0.0,1.0,3,0.2157,18.951,2.0,24.1709,38.3145,55.8052
2021,6,Azerbaijan Grand Prix,LAT,Williams,False,False,16.0,16,16,0,0.0,1.0,2,0.1765,22.149,3.0,24.1709,38.3145,55.8052
2021,6,Azerbaijan Grand Prix,RUS,Williams,True,False,15.0,15,17,-2,0.0,0.9412,4,0.0196,20.479,3.0,24.1709,38.3145,55.8052
2021,6,Azerbaijan Grand Prix,VER,Red Bull,True,False,3.0,3,18,-15,0.0,0.8824,1,0.2353,19.769,2.0,24.1709,38.3145,55.8052
2021,7,French Grand Prix,VER,Red Bull,False,False,1.0,1,1,0,26.0,1.0,2,0.3396,29.963,2.0,25.3144,35.2288,58.6304
2021,7,French Grand Prix,HAM,Mercedes,False,False,2.0,2,2,0,18.0,1.0,1,0.3585,30.263,2.0,25.3144,35.2288,58.6304
2021,7,French Grand Prix,PER,Red Bull,False,False,4.0,4,3,1,15.0,1.0,1,0.4528,29.682,2.0,25.3144,35.2288,58.6304
2021,7,French Grand Prix,BOT,Mercedes,False,False,3.0,3,4,-1,12.0,1.0,1,0.3208,30.572,2.0,25.3144,35.2288,58.6304
2021,7,French Grand Prix,NOR,McLaren,False,False,8.0,8,5,3,10.0,1.0,1,0.4528,30.531,2.0,25.3144,35.2288,58.6304
2021,7,French Grand Prix,RIC,McLaren,False,False,10.0,10,6,4,8.0,1.0,1,0.3019,29.951,2.0,25.3144,35.2288,58.6304
2021,7,French Grand Prix,GAS,AlphaTauri,False,False,6.0,6,7,-1,6.0,1.0,1,0.3208,30.781,2.0,25.3144,35.2288,58.6304
2021,7,French Grand Prix,ALO,Alpine F1 Team,False,False,9.0,9,8,1,4.0,1.0,1,0.3396,31.288,2.0,25.3144,35.2288,58.6304
2021,7,French Grand Prix,VET,Aston Martin,False,False,12.0,12,9,3,2.0,1.0,1,0.6981,31.069,2.0,25.3144,35.2288,58.6304
2021,7,French Grand Prix,STR,Aston Martin,False,False,19.0,19,10,9,1.0,1.0,1,0.6415,30.996,2.0,25.3144,35.2288,58.6304
2021,7,French Grand Prix,SAI,Ferrari,False,False,5.0,5,11,-6,0.0,1.0,1,0.3208,30.534,2.0,25.3144,35.2288,58.6304
2021,7,French Grand Prix,RUS,Williams,False,False,14.0,14,12,2,0.0,0.9811,1,0.3208,30.092,2.0,25.3144,35.2288,58.6304
2021,7,French Grand Prix,TSU,AlphaTauri,False,False,20.0,21,13,8,0.0,0.9811,1,0.283,30.226,2.0,25.3144,35.2288,58.6304
2021,7,French Grand Prix,OCO,Alpine F1 Team,False,False,11.0,11,14,-3,0.0,0.9811,1,0.5283,30.207,2.0,25.3144,35.2288,58.6304
2021,7,French Grand Prix,GIO,Alfa Romeo,False,False,13.0,13,15,-2,0.0,0.9811,1,0.5283,30.586,2.0,25.3144,35.2288,58.6304
2021,7,French Grand Prix,LEC,Ferrari,False,False,7.0,7,16,-9,0.0,0.9811,2,0.2642,31.083,2.0,25.3144,35.2288,58.6304
2021,7,French Grand Prix,RAI,Alfa Romeo,False,False,17.0,17,17,0,0.0,0.9811,1,0.6226,31.327,2.0,25.3144,35.2288,58.6304
2021,7,French Grand Prix,LAT,Williams,False,False,16.0,16,18,-2,0.0,0.9811,1,0.3396,29.775,2.0,25.3144,35.2288,58.6304
2021,7,French Grand Prix,MSC,Haas F1 Team,False,False,15.0,15,19,-4,0.0,0.9811,1,0.283,31.457,2.0,25.3144,35.2288,58.6304
2021,7,French Grand Prix,MAZ,Haas F1 Team,False,False,18.0,18,20,-2,0.0,0.9811,1,0.5849,30.983,2.0,25.3144,35.2288,58.6304
2021,8,Styrian Grand Prix,VER,Red Bull,False,False,1.0,1,1,0,25.0,1.0,1,0.4085,20.936,2.0,26.6924,52.3525,33.2466
2021,8,Styrian Grand Prix,HAM,Mercedes,False,False,3.0,2,2,0,19.0,1.0,2,0.3944,21.4295,3.0,26.6924,52.3525,33.2466
2021,8,Styrian Grand Prix,BOT,Mercedes,False,False,2.0,5,3,2,15.0,1.0,1,0.3803,21.752,2.0,26.6924,52.3525,33.2466
2021,8,Styrian Grand Prix,PER,Red Bull,False,False,5.0,4,4,0,12.0,1.0,2,0.3662,22.219,3.0,26.6924,52.3525,33.2466
2021,8,Styrian Grand Prix,NOR,McLaren,False,False,4.0,3,5,-2,10.0,0.9859,1,0.4366,21.692,2.0,26.6924,52.3525,33.2466
2021,8,Styrian Grand Prix,SAI,Ferrari,False,False,12.0,12,6,6,8.0,0.9859,1,0.5775,21.226,2.0,26.6924,52.3525,33.2466
2021,8,Styrian Grand Prix,LEC,Ferrari,False,False,7.0,7,7,0,6.0,0.9859,2,0.0141,25.155,3.0,26.6924,52.3525,33.2466
2021,8,Styrian Grand Prix,STR,Aston Martin,False,False,10.0,9,8,1,4.0,0.9859,1,0.3944,20.936,2.0,26.6924,52.3525,33.2466
2021,8,Styrian Grand Prix,ALO,Alpine F1 Team,False,False,9.0,8,9,-1,2.0,0.9859,1,0.3803,21.131,2.0,26.6924,52.3525,33.2466
2021,8,Styrian Grand Prix,TSU,AlphaTauri,False,False,8.0,11,10,1,1.0,0.9859,1,0.3662,21.234,2.0,26.6924,52.3525,33.2466
2021,8,Styrian Grand Prix,RAI,Alfa Romeo,False,False,18.0,18,11,7,0.0,0.9859,1,0.507,21.227,2.0,26.6924,52.3525,33.2466
2021,8,Styrian Grand Prix,VET,Aston Martin,False,False,14.0,14,12,2,0.0,0.9859,1,0.3803,21.546,2.0,26.6924,52.3525,33.2466
2021,8,Styrian Grand Prix,RIC,McLaren,False,False,13.0,13,13,0,0.0,0.9859,1,0.5775,21.41,2.0,26.6924,52.3525,33.2466
2021,8,Styrian Grand Prix,OCO,Alpine F1 Team,False,False,17.0,17,14,3,0.0,0.9859,1,0.507,21.238,2.0,26.6924,52.3525,33.2466
2021,8,Styrian Grand Prix,GIO,Alfa Romeo,False,False,15.0,15,15,0,0.0,0.9859,1,0.3239,21.21,2.0,26.6924,52.3525,33.2466
2021,8,Styrian Grand Prix,MSC,Haas F1 Team,False,False,19.0,19,16,3,0.0,0.9718,1,0.4648,22.4,2.0,26.6924,52.3525,33.2466
2021,8,Styrian Grand Prix,LAT,Williams,False,False,16.0,16,17,-1,0.0,0.9577,2,0.0141,24.186,3.0,26.6924,52.3525,33.2466
2021,8,Styrian Grand Prix,MAZ,Haas F1 Team,False,False,20.0,20,18,2,0.0,0.9577,1,0.2958,22.759,2.0,26.6924,52.3525,33.2466
2021,8,Styrian Grand Prix,RUS,Williams,True,False,11.0,10,19,-9,0.0,0.507,2,0.3521,41.812,2.0,26.6924,52.3525,33.2466
2021,9,Austrian Grand Prix,VER,Red Bull,False,True,1.0,1,1,0,26.0,1.0,2,0.4507,21.163,2.0,20.966,33.184,49.7308
2021,9,Austrian Grand Prix,BOT,Mercedes,False,True,5.0,5,2,3,18.0,1.0,1,0.4225,21.071,2.0,20.966,33.184,49.7308
2021,9,Austrian Grand Prix,NOR,McLaren,False,True,2.0,2,3,-1,15.0,1.0,1,0.4225,26.474,2.0,20.966,33.184,49.7308
2021,9,Austrian Grand Prix,HAM,Mercedes,False,True,4.0,4,4,0,12.0,1.0,2,0.4366,21.213,2.0,20.966,33.184,49.7308
2021,9,Austrian Grand Prix,SAI,Ferrari,False,True,11.0,10,5,5,10.0,1.0,1,0.6761,21.431,2.0,20.966,33.184,49.7308
2021,9,Austrian Grand Prix,PER,Red Bull,False,True,3.0,3,6,-3,8.0,1.0,1,0.4507,21.735,2.0,20.966,33.184,49.7308
2021,9,Austrian Grand Prix,RIC,McLaren,False,True,13.0,13,7,6,6.0,1.0,1,0.4085,21.151,2.0,20.966,33.184,49.7308
2021,9,Austrian Grand Prix,LEC,Ferrari,False,True,12.0,12,8,4,4.0,1.0,1,0.4789,21.143,2.0,20.966,33.184,49.7308
2021,9,Austrian Grand Prix,GAS,AlphaTauri,False,True,6.0,6,9,-3,2.0,1.0,2,0.1831,21.707,2.0,20.966,33.184,49.7308
2021,9,Austrian Grand Prix,ALO,Alpine F1 Team,False,True,14.0,14,10,4,1.0,0.9859,1,0.4507,22.663,2.0,20.966,33.184,49.7308
2021,9,Austrian Grand Prix,RUS,Williams,False,True,9.0,8,11,-3,0.0,0.9859,1,0.4225,21.606,2.0,20.966,33.184,49.7308
2021,9,Austrian Grand Prix,TSU,AlphaTauri,False,True,7.0,7,12,-5,0.0,0.9859,2,0.169,23.8745,2.0,20.966,33.184,49.7308
2021,9,Austrian Grand Prix,STR,Aston Martin,False,True,10.0,9,13,-4,0.0,0.9859,2,0.1972,21.4315,2.0,20.966,33.184,49.7308
2021,9,Austrian Grand Prix,GIO,Alfa Romeo,False,True,15.0,15,14,1,0.0,0.9859,2,0.0141,24.1255,2.0,20.966,33.184,49.7308
2021,9,Austrian Grand Prix,RAI,Alfa Romeo,False,True,16.0,16,15,1,0.0,0.9859,1,0.5211,21.896,2.0,20.966,33.184,49.7308
2021,9,Austrian Grand Prix,LAT,Williams,False,True,18.0,18,16,2,0.0,0.9859,1,0.4648,21.152,2.0,20.966,33.184,49.7308
2021,9,Austrian Grand Prix,VET,Aston Martin,True,True,8.0,11,17,-6,0.0,0.9718,2,0.2394,20.9635,2.0,20.966,33.184,49.7308
2021,9,Austrian Grand Prix,MSC,Haas F1 Team,False,True,19.0,19,18,1,0.0,0.9718,1,0.4789,21.798,2.0,20.966,33.184,49.7308
2021,9,Austrian Grand Prix,MAZ,Haas F1 Team,False,True,20.0,20,19,1,0.0,0.9718,2,0.3803,23.182,2.0,20.966,33.184,49.7308
2021,10,British Grand Prix,HAM,Mercedes,False,False,1.0,2,1,1,25.0,1.0,2,0.0385,40.266,2.0,29.4,50.9315,37.2022
2021,10,British Grand Prix,LEC,Ferrari,False,False,4.0,4,2,2,18.0,1.0,2,0.0385,28.433,2.0,29.4,50.9315,37.2022
2021,10,British Grand Prix,BOT,Mercedes,False,False,3.0,3,3,0,15.0,1.0,2,0.0385,28.209,2.0,29.4,50.9315,37.2022
2021,10,British Grand Prix,NOR,McLaren,False,False,6.0,5,4,1,12.0,1.0,2,0.0385,31.706,2.0,29.4,50.9315,37.2022
2021,10,British Grand Prix,RIC,McLaren,False,False,7.0,6,5,1,10.0,1.0,2,0.0385,28.817,2.0,29.4,50.9315,37.2022
2021,10,British Grand Prix,SAI,Ferrari,False,False,9.0,10,6,4,8.0,1.0,2,0.0385,37.509,2.0,29.4,50.9315,37.2022
2021,10,British Grand Prix,ALO,Alpine F1 Team,False,False,11.0,7,7,0,6.0,1.0,2,0.0385,29.743,2.0,29.4,50.9315,37.2022
2021,10,British Grand Prix,STR,Aston Martin,False,False,15.0,14,8,6,4.0,1.0,2,0.0385,28.213,2.0,29.4,50.9315,37.2022
2021,10,British Grand Prix,OCO,Alpine F1 Team,False,False,13.0,9,9,0,2.0,1.0,2,0.0385,28.772,2.0,29.4,50.9315,37.2022
2021,10,British Grand Prix,TSU,AlphaTauri,False,False,16.0,16,10,6,1.0,1.0,2,0.0385,29.134,2.0,29.4,50.9315,37.2022
2021,10,British Grand Prix,GAS,AlphaTauri,False,False,12.0,11,11,0,0.0,1.0,3,0.0385,28.4325,3.0,29.4,50.9315,37.2022
2021,10,British Grand Prix,RUS,Williams,False,False,8.0,12,12,0,0.0,0.9808,2,0.0385,27.812,2.0,29.4,50.9315,37.2022
2021,10,British Grand Prix,GIO,Alfa Romeo,False,False,14.0,15,13,2,0.0,0.9808,2,0.0385,28.137,2.0,29.4,50.9315,37.2022
2021,10,British Grand Prix,LAT,Williams,False,False,18.0,17,14,3,0.0,0.9808,2,0.0385,27.543,2.0,29.4,50.9315,37.2022
2021,10,British Grand Prix,RAI,Alfa Romeo,False,False,17.0,13,15,-2,0.0,0.9808,2,0.0385,28.11,2.0,29.4,50.9315,37.2022
2021,10,British Grand Prix,PER,Red Bull,False,False,5.0,21,16,5,0.0,0.9808,4,0.0385,28.274,3.0,29.4,50.9315,37.2022
2021,10,British Grand Prix,MAZ,Haas F1 Team,False,False,20.0,19,17,2,0.0,0.9808,2,0.0385,29.253,2.0,29.4,50.9315,37.2022
2021,10,British Grand Prix,MSC,Haas F1 Team,False,False,19.0,18,18,0,0.0,0.9808,2,0.0385,29.319,2.0,29.4,50.9315,37.2022
2021,10,British Grand Prix,VET,Aston Martin,True,False,10.0,8,19,-11,0.0,0.7692,2,0.0385,28.145,2.0,29.4,50.9315,37.2022
2021,11,Hungarian Grand Prix,OCO,Alpine F1 Team,False,True,8.0,8,1,7,25.0,1.0,3,0.0286,30.582,3.0,27.2267,37.8225,68.6157
2021,11,Hungarian Grand Prix,HAM,Mercedes,False,True,1.0,1,2,-1,18.0,1.0,4,0.0286,21.485,3.0,27.2267,37.8225,68.6157
2021,11,Hungarian Grand Prix,SAI,Ferrari,False,True,15.0,15,3,12,15.0,1.0,3,0.0286,32.3685,3.0,27.2267,37.8225,68.6157
2021,11,Hungarian Grand Prix,ALO,Alpine F1 Team,False,True,9.0,9,4,5,12.0,1.0,3,0.0286,29.3225,3.0,27.2267,37.8225,68.6157
2021,11,Hungarian Grand Prix,GAS,AlphaTauri,False,True,5.0,5,5,0,11.0,1.0,4,0.0286,27.559,4.0,27.2267,37.8225,68.6157
2021,11,Hungarian Grand Prix,TSU,AlphaTauri,False,True,16.0,16,6,10,8.0,1.0,3,0.0286,31.2795,3.0,27.2267,37.8225,68.6157
2021,11,Hungarian Grand Prix,LAT,Williams,False,True,18.0,18,7,11,6.0,1.0,3,0.0286,30.8925,3.0,27.2267,37.8225,68.6157
2021,11,Hungarian Grand Prix,RUS,Williams,False,True,17.0,17,8,9,4.0,1.0,3,0.0286,25.78,3.0,27.2267,37.8225,68.6157
2021,11,Hungarian Grand Prix,VER,Red Bull,False,True,3.0,3,9,-6,2.0,1.0,5,0.0143,24.9272,3.0,27.2267,37.8225,68.6157
2021,11,Hungarian Grand Prix,RAI,Alfa Romeo,False,True,13.0,13,10,3,1.0,0.9857,4,0.0286,31.0267,4.0,27.2267,37.8225,68.6157
2021,11,Hungarian Grand Prix,RIC,McLaren,False,True,11.0,11,11,0,0.0,0.9857,3,0.0286,28.0575,3.0,27.2267,37.8225,68.6157
2021,11,Hungarian Grand Prix,MSC,Haas F1 Team,False,True,20.0,20,12,8,0.0,0.9857,3,0.0286,29.463,3.0,27.2267,37.8225,68.6157
2021,11,Hungarian Grand Prix,GIO,Alfa Romeo,False,True,14.0,21,13,8,0.0,0.9857,5,0.0143,28.6342,3.0,27.2267,37.8225,68.6157
2021,11,Hungarian Grand Prix,MAZ,Haas F1 Team,True,True,19.0,19,14,5,0.0,0.0429,2,0.0143,23.715,1.0,27.2267,37.8225,68.6157
2021,11,Hungarian Grand Prix,NOR,McLaren,True,True,6.0,6,15,-9,0.0,0.0286,1,0.0143,38.267,1.0,27.2267,37.8225,68.6157
2021,11,Hungarian Grand Prix,VET,Aston Martin,True,True,10.0,10,20,-10,0.0,1.0,3,0.0286,31.7925,3.0,27.2267,37.8225,68.6157
2021,13,Dutch Grand Prix,VER,Red Bull,False,False,1.0,1,1,0,25.0,1.0,2,0.2917,18.86,3.0,21.5044,36.1057,54.1082
2021,13,Dutch Grand Prix,HAM,Mercedes,False,False,2.0,2,2,0,19.0,1.0,3,0.2778,19.28,2.0,21.5044,36.1057,54.1082
2021,13,Dutch Grand Prix,BOT,Mercedes,False,False,3.0,3,3,0,15.0,1.0,2,0.4306,20.3015,2.0,21.5044,36.1057,54.1082
2021,13,Dutch Grand Prix,GAS,AlphaTauri,False,False,4.0,4,4,0,12.0,0.9861,1,0.3333,19.163,2.0,21.5044,36.1057,54.1082
2021,13,Dutch Grand Prix,LEC,Ferrari,False,False,5.0,5,5,0,10.0,0.9861,1,0.4722,19.49,2.0,21.5044,36.1057,54.1082
2021,13,Dutch Grand Prix,ALO,Alpine F1 Team,False,False,9.0,9,6,3,8.0,0.9861,1,0.4583,19.018,2.0,21.5044,36.1057,54.1082
2021,13,Dutch Grand Prix,SAI,Ferrari,False,False,6.0,6,7,-1,6.0,0.9861,1,0.4306,20.327,2.0,21.5044,36.1057,54.1082
2021,13,Dutch Grand Prix,PER,Red Bull,False,False,16.0,21,8,13,4.0,0.9861,2,0.1111,18.921,3.0,21.5044,36.1057,54.1082
2021,13,Dutch Grand Prix,OCO,Alpine F1 Team,False,False,8.0,8,9,-1,2.0,0.9861,1,0.4306,19.24,2.0,21.5044,36.1057,54.1082
2021,13,Dutch Grand Prix,NOR,McLaren,False,False,13.0,13,10,3,1.0,0.9861,1,0.5833,20.443,2.0,21.5044,36.1057,54.1082
2021,13,Dutch Grand Prix,RIC,McLaren,False,False,10.0,10,11,-1,0.0,0.9861,1,0.4167,19.449,2.0,21.5044,36.1057,54.1082
2021,13,Dutch Grand Prix,STR,Aston Martin,False,False,12.0,12,12,0,0.0,0.9722,1,0.375,19.389,2.0,21.5044,36.1057,54.1082
2021,13,Dutch Grand Prix,VET,Aston Martin,False,False,17.0,15,13,2,0.0,0.9722,2,0.1389,18.6725,3.0,21.5044,36.1057,54.1082
2021,13,Dutch Grand Prix,GIO,Alfa Romeo,False,False,7.0,7,14,-7,0.0,0.9722,2,0.375,19.546,3.0,21.5044,36.1057,54.1082
2021,13,Dutch Grand Prix,KUB,Alfa Romeo,False,False,18.0,16,15,1,0.0,0.9722,1,0.5556,19.708,2.0,21.5044,36.1057,54.1082
2021,13,Dutch Grand Prix,LAT,Williams,False,False,14.0,21,16,5,0.0,0.9722,1,0.3194,20.646,2.0,21.5044,36.1057,54.1082
2021,13,Dutch Grand Prix,RUS,Williams,True,False,11.0,11,17,-6,0.0,0.9583,2,0.375,22.0835,3.0,21.5044,36.1057,54.1082
2021,13,Dutch Grand Prix,MSC,Haas F1 Team,False,False,19.0,17,18,-1,0.0,0.9583,2,0.0556,30.0755,3.0,21.5044,36.1057,54.1082
2021,13,Dutch Grand Prix,TSU,AlphaTauri,True,False,15.0,14,19,-5,0.0,0.6667,1,0.4306,19.85,2.0,21.5044,36.1057,54.1082
2021,13,Dutch Grand Prix,MAZ,Haas F1 Team,True,False,20.0,18,20,-2,0.0,0.5694,1,0.4583,19.999,2.0,21.5044,36.1057,54.1082
2021,14,Italian Grand Prix,RIC,McLaren,False,False,5.0,2,1,1,26.0,1.0,1,0.4151,23.812,2.0,28.8852,43.5275,33.2758
2021,14,Italian Grand Prix,NOR,McLaren,False,False,4.0,3,2,1,18.0,1.0,1,0.4528,24.168,2.0,28.8852,43.5275,33.2758
2021,14,Italian Grand Prix,BOT,Mercedes,False,False,1.0,19,3,16,15.0,1.0,1,0.4906,24.308,2.0,28.8852,43.5275,33.2758
2021,14,Italian Grand Prix,LEC,Ferrari,False,False,8.0,5,4,1,12.0,1.0,1,0.4906,24.557,2.0,28.8852,43.5275,33.2758
2021,14,Italian Grand Prix,PER,Red Bull,False,False,9.0,8,5,3,10.0,1.0,1,0.4906,23.906,2.0,28.8852,43.5275,33.2758
2021,14,Italian Grand Prix,SAI,Ferrari,False,False,7.0,6,6,0,8.0,1.0,1,0.4906,24.283,2.0,28.8852,43.5275,33.2758
2021,14,Italian Grand Prix,STR,Aston Martin,False,False,12.0,9,7,2,6.0,1.0,1,0.4717,24.846,2.0,28.8852,43.5275,33.2758
2021,14,Italian Grand Prix,ALO,Alpine F1 Team,False,False,13.0,10,8,2,4.0,1.0,1,0.4717,24.797,2.0,28.8852,43.5275,33.2758
2021,14,Italian Grand Prix,RUS,Williams,False,False,15.0,14,9,5,2.0,1.0,1,0.4906,24.156,2.0,28.8852,43.5275,33.2758
2021,14,Italian Grand Prix,OCO,Alpine F1 Team,False,False,14.0,12,10,2,1.0,1.0,1,0.4906,30.333,2.0,28.8852,43.5275,33.2758
2021,14,Italian Grand Prix,LAT,Williams,False,False,16.0,13,11,2,0.0,1.0,1,0.434,24.168,2.0,28.8852,43.5275,33.2758
2021,14,Italian Grand Prix,VET,Aston Martin,False,False,11.0,11,12,-1,0.0,1.0,2,0.4151,25.542,2.0,28.8852,43.5275,33.2758
2021,14,Italian Grand Prix,GIO,Alfa Romeo,False,False,10.0,7,13,-6,0.0,1.0,2,0.0189,33.8705,2.0,28.8852,43.5275,33.2758
2021,14,Italian Grand Prix,KUB,Alfa Romeo,False,False,19.0,17,14,3,0.0,1.0,1,0.4906,24.501,2.0,28.8852,43.5275,33.2758
2021,14,Italian Grand Prix,MSC,Haas F1 Team,False,False,18.0,18,15,3,0.0,1.0,1,0.434,24.714,2.0,28.8852,43.5275,33.2758
2021,14,Italian Grand Prix,MAZ,Haas F1 Team,True,False,20.0,16,16,0,0.0,0.7736,3,0.4528,26.8837,3.0,28.8852,43.5275,33.2758
2021,14,Italian Grand Prix,HAM,Mercedes,True,False,2.0,4,17,-13,0.0,0.4717,1,0.4717,25.619,1.0,28.8852,43.5275,33.2758
2021,14,Italian Grand Prix,VER,Red Bull,True,False,3.0,1,18,-17,0.0,0.4717,1,0.434,32.456,2.0,28.8852,43.5275,33.2758
2021,15,Russian Grand Prix,HAM,Mercedes,False,True,4.0,4,1,3,25.0,1.0,2,0.4906,29.9615,3.0,19.1386,21.757,61.9475
2021,15,Russian Grand Prix,VER,Red Bull,False,True,20.0,20,2,18,18.0,1.0,2,0.4906,30.2975,3.0,19.1386,21.757,61.9475
2021,15,Russian Grand Prix,SAI,Ferrari,False,True,2.0,2,3,-1,15.0,1.0,2,0.2642,30.696,3.0,19.1386,21.757,61.9475
2021,15,Russian Grand Prix,RIC,McLaren,False,True,5.0,5,4,1,12.0,1.0,2,0.4151,32.3165,3.0,19.1386,21.757,61.9475
2021,15,Russian Grand Prix,BOT,Mercedes,False,True,7.0,16,5,11,10.0,1.0,2,0.5283,29.7525,3.0,19.1386,21.757,61.9475
2021,15,Russian Grand Prix,ALO,Alpine F1 Team,False,True,6.0,6,6,0,8.0,1.0,2,0.6792,30.4295,3.0,19.1386,21.757,61.9475
2021,15,Russian Grand Prix,NOR,McLaren,False,True,1.0,1,7,-6,7.0,1.0,2,0.5283,31.247,3.0,19.1386,21.757,61.9475
2021,15,Russian Grand Prix,RAI,Alfa Romeo,False,True,16.0,13,8,5,4.0,1.0,2,0.283,30.1165,3.0,19.1386,21.757,61.9475
2021,15,Russian Grand Prix,PER,Red Bull,False,True,9.0,8,9,-1,2.0,1.0,2,0.6792,34.1695,3.0,19.1386,21.757,61.9475
2021,15,Russian Grand Prix,RUS,Williams,False,True,3.0,3,10,-7,1.0,1.0,2,0.2453,31.373,3.0,19.1386,21.757,61.9475
2021,15,Russian Grand Prix,STR,Aston Martin,False,True,8.0,7,11,-4,0.0,1.0,2,0.2264,36.6825,3.0,19.1386,21.757,61.9475
2021,15,Russian Grand Prix,VET,Aston Martin,False,True,11.0,10,12,-2,0.0,0.9811,2,0.4906,30.685,3.0,19.1386,21.757,61.9475
2021,15,Russian Grand Prix,GAS,AlphaTauri,False,True,12.0,11,13,-2,0.0,0.9811,2,0.6226,30.6345,3.0,19.1386,21.757,61.9475
2021,15,Russian Grand Prix,OCO,Alpine F1 Team,False,True,10.0,9,14,-5,0.0,0.9811,2,0.283,31.5825,3.0,19.1386,21.757,61.9475
2021,15,Russian Grand Prix,LEC,Ferrari,False,True,15.0,19,15,4,0.0,0.9811,2,0.6604,32.2485,3.0,19.1386,21.757,61.9475
2021,15,Russian Grand Prix,GIO,Alfa Romeo,False,True,18.0,17,16,1,0.0,0.9811,2,0.6792,32.021,3.0,19.1386,21.757,61.9475
2021,15,Russian Grand Prix,TSU,AlphaTauri,False,True,13.0,12,17,-5,0.0,0.9811,3,0.2453,30.688,4.0,19.1386,21.757,61.9475
2021,15,Russian Grand Prix,MAZ,Haas F1 Team,False,True,19.0,15,18,-3,0.0,0.9623,2,0.2642,32.029,3.0,19.1386,21.757,61.9475
2021,15,Russian Grand Prix,LAT,Williams,True,True,14.0,18,19,-1,0.0,0.8868,1,0.2453,30.056,2.0,19.1386,21.757,61.9475
2021,15,Russian Grand Prix,MSC,Haas F1 Team,True,True,17.0,14,20,-6,0.0,0.6038,1,0.3774,29.996,2.0,19.1386,21.757,61.9475
2021,16,Turkish Grand Prix,BOT,Mercedes,False,False,2.0,1,1,0,26.0,1.0,1,0.6379,22.962,1.0,15.8255,18.1809,93.5248
2021,16,Turkish Grand Prix,VER,Red Bull,False,False,3.0,2,2,0,18.0,1.0,1,0.6207,22.442,1.0,15.8255,18.1809,93.5248
2021,16,Turkish Grand Prix,PER,Red Bull,False,False,7.0,6,3,3,15.0,1.0,1,0.6379,22.463,1.0,15.8255,18.1809,93.5248
2021,16,Turkish Grand Prix,LEC,Ferrari,False,False,4.0,3,4,-1,12.0,1.0,1,0.8103,23.646,1.0,15.8255,18.1809,93.5248
2021,16,Turkish Grand Prix,HAM,Mercedes,False,False,1.0,11,5,6,10.0,1.0,1,0.8621,22.684,1.0,15.8255,18.1809,93.5248
2021,16,Turkish Grand Prix,GAS,AlphaTauri,False,False,5.0,4,6,-2,8.0,1.0,1,0.6724,29.31,1.0,15.8255,18.1809,93.5248
2021,16,Turkish Grand Prix,NOR,McLaren,False,False,8.0,7,7,0,6.0,1.0,1,0.5862,23.239,1.0,15.8255,18.1809,93.5248
2021,16,Turkish Grand Prix,SAI,Ferrari,False,False,15.0,19,8,11,4.0,1.0,1,0.6207,28.353,1.0,15.8255,18.1809,93.5248
2021,16,Turkish Grand Prix,STR,Aston Martin,False,False,9.0,8,9,-1,2.0,1.0,1,0.6724,35.509,1.0,15.8255,18.1809,93.5248
2021,16,Turkish Grand Prix,GIO,Alfa Romeo,False,False,18.0,16,11,5,0.0,0.9828,1,0.6897,23.15,1.0,15.8255,18.1809,93.5248
2021,16,Turkish Grand Prix,RAI,Alfa Romeo,False,False,19.0,17,12,5,0.0,0.9828,1,0.6379,23.164,1.0,15.8255,18.1809,93.5248
2021,16,Turkish Grand Prix,RIC,McLaren,False,False,16.0,20,13,7,0.0,0.9828,1,0.3621,23.028,1.0,15.8255,18.1809,93.5248
2021,16,Turkish Grand Prix,TSU,AlphaTauri,False,False,10.0,9,14,-5,0.0,0.9828,1,0.6034,23.329,1.0,15.8255,18.1809,93.5248
2021,16,Turkish Grand Prix,RUS,Williams,False,False,13.0,13,15,-2,0.0,0.9828,1,0.6034,23.551,1.0,15.8255,18.1809,93.5248
2021,16,Turkish Grand Prix,ALO,Alpine F1 Team,False,False,6.0,5,16,-11,0.0,0.9828,1,0.5172,29.116,1.0,15.8255,18.1809,93.5248
2021,16,Turkish Grand Prix,LAT,Williams,False,False,17.0,15,17,-2,0.0,0.9828,1,0.5862,24.104,1.0,15.8255,18.1809,93.5248
2021,16,Turkish Grand Prix,VET,Aston Martin,False,False,11.0,10,18,-8,0.0,0.9828,2,0.6207,23.507,2.0,15.8255,18.1809,93.5248
2021,16,Turkish Grand Prix,MSC,Haas F1 Team,False,False,14.0,14,19,-5,0.0,0.9655,1,0.6724,23.892,1.0,15.8255,18.1809,93.5248
2021,16,Turkish Grand Prix,MAZ,Haas F1 Team,False,False,20.0,18,20,-2,0.0,0.9655,1,0.6034,23.829,1.0,15.8255,18.1809,93.5248
2021,17,United States Grand Prix,VER,Red Bull,False,False,1.0,1,1,0,25.0,1.0,2,0.1786,23.8895,2.0,28.1484,37.4708,61.1925
2021,17,United States Grand Prix,HAM,Mercedes,False,False,2.0,2,2,0,19.0,1.0,2,0.2321,24.0785,2.0,28.1484,37.4708,61.1925
2021,17,United States Grand Prix,PER,Red Bull,False,False,3.0,3,3,0,15.0,1.0,2,0.2143,24.311,2.0,28.1484,37.4708,61.1925
2021,17,United States Grand Prix,LEC,Ferrari,False,False,5.0,4,4,0,12.0,1.0,2,0.2143,23.908,2.0,28.1484,37.4708,61.1925
2021,17,United States Grand Prix,RIC,McLaren,False,False,7.0,6,5,1,10.0,1.0,2,0.1964,24.106,2.0,28.1484,37.4708,61.1925
2021,17,United States Grand Prix,BOT,Mercedes,False,False,4.0,9,6,3,8.0,1.0,2,0.2679,24.0315,2.0,28.1484,37.4708,61.1925
2021,17,United States Grand Prix,SAI,Ferrari,False,False,6.0,5,7,-2,6.0,1.0,2,0.1964,25.14,2.0,28.1484,37.4708,61.1925
2021,17,United States Grand Prix,NOR,McLaren,False,False,8.0,7,8,-1,4.0,1.0,2,0.1786,24.9665,2.0,28.1484,37.4708,61.1925
2021,17,United States Grand Prix,TSU,AlphaTauri,False,False,10.0,10,9,1,2.0,0.9821,2,0.1607,23.6655,2.0,28.1484,37.4708,61.1925
2021,17,United States Grand Prix,VET,Aston Martin,False,False,12.0,18,10,8,1.0,0.9821,2,0.3036,24.413,2.0,28.1484,37.4708,61.1925
2021,17,United States Grand Prix,GIO,Alfa Romeo,False,False,13.0,12,11,1,0.0,0.9821,2,0.1429,23.7475,2.0,28.1484,37.4708,61.1925
2021,17,United States Grand Prix,STR,Aston Martin,False,False,16.0,13,12,1,0.0,0.9821,2,0.3214,23.641,2.0,28.1484,37.4708,61.1925
2021,17,United States Grand Prix,RAI,Alfa Romeo,False,False,18.0,15,13,2,0.0,0.9821,2,0.2143,24.1405,2.0,28.1484,37.4708,61.1925
2021,17,United States Grand Prix,RUS,Williams,False,False,15.0,20,14,6,0.0,0.9821,2,0.1607,24.276,2.0,28.1484,37.4708,61.1925
2021,17,United States Grand Prix,LAT,Williams,False,False,17.0,14,15,-1,0.0,0.9821,2,0.0893,28.1315,2.0,28.1484,37.4708,61.1925
2021,17,United States Grand Prix,MSC,Haas F1 Team,False,False,19.0,16,16,0,0.0,0.9643,2,0.1964,24.27,2.0,28.1484,37.4708,61.1925
2021,17,United States Grand Prix,MAZ,Haas F1 Team,False,False,20.0,17,17,0,0.0,0.9643,3,0.0179,26.4843,2.0,28.1484,37.4708,61.1925
2021,17,United States Grand Prix,ALO,Alpine F1 Team,True,False,14.0,19,18,1,0.0,0.875,3,0.125,23.578,2.0,28.1484,37.4708,61.1925
2021,17,United States Grand Prix,OCO,Alpine F1 Team,True,False,11.0,11,19,-8,0.0,0.7143,2,0.0536,32.3595,2.0,28.1484,37.4708,61.1925
2021,17,United States Grand Prix,GAS,AlphaTauri,True,False,9.0,8,20,-12,0.0,0.25,1,0.1786,23.745,2.0,28.1484,37.4708,61.1925
2021,18,Mexico City Grand Prix,VER,Red Bull,False,False,3.0,3,1,2,25.0,1.0,1,0.4648,21.908,2.0,21.2067,47.5793,31.211
2021,18,Mexico City Grand Prix,HAM,Mercedes,False,False,2.0,2,2,0,18.0,1.0,1,0.4085,22.373,2.0,21.2067,47.5793,31.211
2021,18,Mexico City Grand Prix,PER,Red Bull,False,False,4.0,4,3,1,15.0,1.0,1,0.5634,22.114,2.0,21.2067,47.5793,31.211
2021,18,Mexico City Grand Prix,GAS,AlphaTauri,False,False,5.0,5,4,1,12.0,1.0,1,0.4366,22.549,2.0,21.2067,47.5793,31.211
2021,18,Mexico City Grand Prix,LEC,Ferrari,False,False,8.0,8,5,3,10.0,1.0,1,0.4225,22.085,2.0,21.2067,47.5793,31.211
2021,18,Mexico City Grand Prix,SAI,Ferrari,False,False,6.0,6,6,0,8.0,0.9859,1,0.5915,22.031,2.0,21.2067,47.5793,31.211
2021,18,Mexico City Grand Prix,VET,Aston Martin,False,False,11.0,9,7,2,6.0,0.9859,1,0.4648,22.277,2.0,21.2067,47.5793,31.211
2021,18,Mexico City Grand Prix,RAI,Alfa Romeo,False,False,12.0,10,8,2,4.0,0.9859,1,0.4507,22.424,2.0,21.2067,47.5793,31.211
2021,18,Mexico City Grand Prix,ALO,Alpine F1 Team,False,False,16.0,12,9,3,2.0,0.9859,1,0.5493,23.985,2.0,21.2067,47.5793,31.211
2021,18,Mexico City Grand Prix,NOR,McLaren,False,False,10.0,18,10,8,1.0,0.9859,1,0.6197,22.534,2.0,21.2067,47.5793,31.211
2021,18,Mexico City Grand Prix,GIO,Alfa Romeo,False,False,14.0,11,11,0,0.0,0.9859,1,0.2254,22.205,2.0,21.2067,47.5793,31.211
2021,18,Mexico City Grand Prix,RIC,McLaren,False,False,7.0,7,12,-5,0.0,0.9859,2,0.0141,30.4705,2.0,21.2067,47.5793,31.211
2021,18,Mexico City Grand Prix,OCO,Alpine F1 Team,False,False,15.0,19,13,6,0.0,0.9859,1,0.1972,23.1,2.0,21.2067,47.5793,31.211
2021,18,Mexico City Grand Prix,STR,Aston Martin,False,False,20.0,20,14,6,0.0,0.9718,2,0.169,24.821,2.0,21.2067,47.5793,31.211
2021,18,Mexico City Grand Prix,BOT,Mercedes,False,False,1.0,1,15,-14,0.0,0.9718,4,0.0141,25.8125,3.0,21.2067,47.5793,31.211
2021,18,Mexico City Grand Prix,RUS,Williams,False,False,13.0,16,16,0,0.0,0.9718,1,0.2113,21.984,2.0,21.2067,47.5793,31.211
2021,18,Mexico City Grand Prix,LAT,Williams,False,False,17.0,13,17,-4,0.0,0.9718,2,0.1549,23.21,2.0,21.2067,47.5793,31.211
2021,18,Mexico City Grand Prix,MAZ,Haas F1 Team,False,False,19.0,15,18,-3,0.0,0.9577,2,0.1831,24.3655,2.0,21.2067,47.5793,31.211
2021,19,São Paulo Grand Prix,HAM,Mercedes,False,False,1.0,10,1,9,25.0,1.0,4,0.0986,20.481,2.0,23.1373,51.5614,60.1013
2021,19,São Paulo Grand Prix,VER,Red Bull,False,False,2.0,2,2,0,18.0,1.0,4,0.0986,20.3028,2.0,23.1373,51.5614,60.1013
2021,19,São Paulo Grand Prix,BOT,Mercedes,False,False,3.0,1,3,-2,15.0,1.0,4,0.0986,20.4638,2.0,23.1373,51.5614,60.1013
2021,19,São Paulo Grand Prix,PER,Red Bull,False,False,4.0,4,4,0,13.0,1.0,5,0.0986,21.0362,3.0,23.1373,51.5614,60.1013
2021,19,São Paulo Grand Prix,LEC,Ferrari,False,False,7.0,6,5,1,10.0,1.0,4,0.0986,20.3612,2.0,23.1373,51.5614,60.1013
2021,19,São Paulo Grand Prix,SAI,Ferrari,False,False,6.0,3,6,-3,8.0,1.0,4,0.0986,20.7248,2.0,23.1373,51.5614,60.1013
2021,19,São Paulo Grand Prix,GAS,AlphaTauri,False,False,5.0,7,7,0,6.0,0.9859,4,0.0986,21.0505,2.0,23.1373,51.5614,60.1013
2021,19,São Paulo Grand Prix,OCO,Alpine F1 Team,False,False,11.0,8,8,0,4.0,0.9859,3,0.0986,20.2023,2.0,23.1373,51.5614,60.1013
2021,19,São Paulo Grand Prix,ALO,Alpine F1 Team,False,False,10.0,12,9,3,2.0,0.9859,3,0.0986,19.9437,2.0,23.1373,51.5614,60.1013
2021,19,São Paulo Grand Prix,NOR,McLaren,False,False,8.0,5,10,-5,1.0,0.9859,5,0.0141,21.2184,2.0,23.1373,51.5614,60.1013
2021,19,São Paulo Grand Prix,VET,Aston Martin,False,False,12.0,9,11,-2,0.0,0.9859,4,0.0986,20.8612,2.0,23.1373,51.5614,60.1013
2021,19,São Paulo Grand Prix,RAI,Alfa Romeo,False,False,14.0,21,12,9,0.0,0.9859,4,0.0986,20.8242,2.0,23.1373,51.5614,60.1013
2021,19,São Paulo Grand Prix,RUS,Williams,False,False,18.0,17,13,4,0.0,0.9859,4,0.0845,21.2832,2.0,23.1373,51.5614,60.1013
2021,19,São Paulo Grand Prix,GIO,Alfa Romeo,False,False,15.0,13,14,-1,0.0,0.9859,4,0.0986,20.5225,2.0,23.1373,51.5614,60.1013
2021,19,São Paulo Grand Prix,TSU,AlphaTauri,False,False,13.0,15,15,0,0.0,0.9859,5,0.0563,24.2646,2.0,23.1373,51.5614,60.1013
2021,19,São Paulo Grand Prix,LAT,Williams,False,False,17.0,16,16,0,0.0,0.9859,4,0.0986,20.7077,2.0,23.1373,51.5614,60.1013
2021,19,São Paulo Grand Prix,MAZ,Haas F1 Team,False,False,20.0,19,17,2,0.0,0.9718,3,0.0986,20.0027,2.0,23.1373,51.5614,60.1013
2021,19,São Paulo Grand Prix,MSC,Haas F1 Team,False,False,19.0,18,18,0,0.0,0.9718,5,0.0986,25.5692,2.0,23.1373,51.5614,60.1013
2021,19,São Paulo Grand Prix,RIC,McLaren,True,False,9.0,11,19,-8,0.0,0.6901,3,0.0986,20.306,2.0,23.1373,51.5614,60.1013
2021,19,São Paulo Grand Prix,STR,Aston Martin,True,False,16.0,14,20,-6,0.0,0.662,3,0.0986,20.2933,2.0,23.1373,51.5614,60.1013
2021,20,Qatar Grand Prix,HAM,Mercedes,False,True,1.0,1,1,0,25.0,1.0,2,0.3158,25.308,2.0,26.4151,30.6033,75.5401
2021,20,Qatar Grand Prix,VER,Red Bull,False,True,2.0,7,2,5,19.0,1.0,3,0.2982,25.3133,3.0,26.4151,30.6033,75.5401
2021,20,Qatar Grand Prix,ALO,Alpine F1 Team,False,True,5.0,3,3,0,15.0,1.0,1,0.4035,25.991,2.0,26.4151,30.6033,75.5401
2021,20,Qatar Grand Prix,PER,Red Bull,False,True,11.0,11,4,7,12.0,1.0,2,0.3333,25.4195,2.0,26.4151,30.6033,75.5401
2021,20,Qatar Grand Prix,OCO,Alpine F1 Team,False,True,9.0,9,5,4,10.0,1.0,1,0.4211,25.517,2.0,26.4151,30.6033,75.5401
2021,20,Qatar Grand Prix,STR,Aston Martin,False,True,12.0,12,6,6,8.0,1.0,1,0.4035,26.157,2.0,26.4151,30.6033,75.5401
2021,20,Qatar Grand Prix,SAI,Ferrari,False,True,7.0,5,7,-2,6.0,1.0,1,0.4737,25.639,2.0,26.4151,30.6033,75.5401
2021,20,Qatar Grand Prix,LEC,Ferrari,False,True,13.0,13,8,5,4.0,1.0,1,0.4737,25.799,2.0,26.4151,30.6033,75.5401
2021,20,Qatar Grand Prix,NOR,McLaren,False,True,6.0,4,9,-5,2.0,0.9825,2,0.4386,25.9355,3.0,26.4151,30.6033,75.5401
2021,20,Qatar Grand Prix,VET,Aston Martin,False,True,10.0,10,10,0,1.0,0.9825,1,0.4561,25.726,2.0,26.4151,30.6033,75.5401
2021,20,Qatar Grand Prix,GAS,AlphaTauri,False,True,4.0,2,11,-9,0.0,0.9825,2,0.2281,25.8695,2.0,26.4151,30.6033,75.5401
2021,20,Qatar Grand Prix,RIC,McLaren,False,True,14.0,14,12,2,0.0,0.9825,1,0.4561,25.562,2.0,26.4151,30.6033,75.5401
2021,20,Qatar Grand Prix,TSU,AlphaTauri,False,True,8.0,8,13,-5,0.0,0.9825,2,0.1579,26.1665,3.0,26.4151,30.6033,75.5401
2021,20,Qatar Grand Prix,RAI,Alfa Romeo,False,True,16.0,16,14,2,0.0,0.9825,2,0.1754,25.9035,3.0,26.4151,30.6033,75.5401
2021,20,Qatar Grand Prix,GIO,Alfa Romeo,False,True,18.0,18,15,3,0.0,0.9825,2,0.2632,25.667,2.0,26.4151,30.6033,75.5401
2021,20,Qatar Grand Prix,MSC,Haas F1 Team,False,True,19.0,19,16,3,0.0,0.9825,1,0.386,25.881,2.0,26.4151,30.6033,75.5401
2021,20,Qatar Grand Prix,RUS,Williams,False,True,15.0,15,17,-2,0.0,0.9649,2,0.2982,30.5635,2.0,26.4151,30.6033,75.5401
2021,20,Qatar Grand Prix,MAZ,Haas F1 Team,False,True,20.0,20,18,2,0.0,0.9649,1,0.5439,26.515,2.0,26.4151,30.6033,75.5401
2021,20,Qatar Grand Prix,LAT,Williams,True,True,17.0,17,19,-2,0.0,0.8772,1,0.3158,25.811,2.0,26.4151,30.6033,75.5401
2021,20,Qatar Grand Prix,BOT,Mercedes,True,True,3.0,6,20,-14,0.0,0.8421,1,0.5789,36.341,2.0,26.4151,30.6033,75.5401
2021,21,Saudi Arabian Grand Prix,HAM,Mercedes,False,False,1.0,1,1,0,26.0,1.0,3,0.2,20.58,2.0,28.8161,31.685,76.2031
2021,21,Saudi Arabian Grand Prix,BOT,Mercedes,False,False,2.0,2,3,-1,15.0,1.0,3,0.2,21.668,2.0,28.8161,31.685,76.2031
2021,21,Saudi Arabian Grand Prix,LEC,Ferrari,False,False,4.0,4,7,-3,6.0,1.0,3,0.2,20.531,2.0,28.8161,31.685,76.2031
2021,21,Saudi Arabian Grand Prix,NOR,McLaren,False,False,7.0,7,10,-3,1.0,1.0,3,0.2,20.973,2.0,28.8161,31.685,76.2031
2021,21,Saudi Arabian Grand Prix,STR,Aston Martin,False,False,18.0,18,11,7,0.0,1.0,3,0.18,27.165,2.0,28.8161,31.685,76.2031
2021,21,Saudi Arabian Grand Prix,LAT,Williams,False,False,16.0,16,12,4,0.0,1.0,3,0.2,24.22,2.0,28.8161,31.685,76.2031
2021,21,Saudi Arabian Grand Prix,ALO,Alpine F1 Team,False,False,13.0,13,13,0,0.0,0.98,4,0.2,20.751,3.0,28.8161,31.685,76.2031
2021,21,Saudi Arabian Grand Prix,TSU,AlphaTauri,False,False,8.0,8,14,-6,0.0,0.98,3,0.26,27.874,2.0,28.8161,31.685,76.2031
2021,21,Saudi Arabian Grand Prix,RAI,Alfa Romeo,False,False,12.0,12,15,-3,0.0,0.98,3,0.26,34.489,2.0,28.8161,31.685,76.2031
2021,21,Saudi Arabian Grand Prix,PER,Red Bull,True,False,5.0,5,17,-12,0.0,0.28,2,0.2,20.71,2.0,28.8161,31.685,76.2031
2021,21,Saudi Arabian Grand Prix,RUS,Williams,True,False,14.0,14,19,-5,0.0,0.28,2,0.18,20.519,2.0,28.8161,31.685,76.2031
2021,22,Abu Dhabi Grand Prix,VER,Red Bull,False,False,1.0,1,1,0,26.0,1.0,3,0.2241,21.492,2.0,24.5191,28.4656,59.0548
2021,22,Abu Dhabi Grand Prix,HAM,Mercedes,False,False,2.0,2,2,0,18.0,1.0,1,0.2414,21.595,2.0,24.5191,28.4656,59.0548
2021,22,Abu Dhabi Grand Prix,SAI,Ferrari,False,False,5.0,5,3,2,15.0,1.0,1,0.3276,22.213,2.0,24.5191,28.4656,59.0548
2021,22,Abu Dhabi Grand Prix,TSU,AlphaTauri,False,False,8.0,8,4,4,12.0,1.0,2,0.3966,22.182,3.0,24.5191,28.4656,59.0548
2021,22,Abu Dhabi Grand Prix,GAS,AlphaTauri,False,False,12.0,12,5,7,10.0,1.0,2,0.6207,22.0265,3.0,24.5191,28.4656,59.0548
2021,22,Abu Dhabi Grand Prix,BOT,Mercedes,False,False,6.0,6,6,0,8.0,1.0,1,0.5172,21.669,2.0,24.5191,28.4656,59.0548
2021,22,Abu Dhabi Grand Prix,NOR,McLaren,False,False,3.0,3,7,-4,6.0,1.0,2,0.2931,21.7765,3.0,24.5191,28.4656,59.0548
2021,22,Abu Dhabi Grand Prix,ALO,Alpine F1 Team,False,False,11.0,11,8,3,4.0,1.0,1,0.6207,21.304,2.0,24.5191,28.4656,59.0548
2021,22,Abu Dhabi Grand Prix,OCO,Alpine F1 Team,False,False,9.0,9,9,0,2.0,1.0,1,0.2586,21.677,2.0,24.5191,28.4656,59.0548
2021,22,Abu Dhabi Grand Prix,LEC,Ferrari,False,False,7.0,7,10,-3,1.0,1.0,2,0.2586,21.817,3.0,24.5191,28.4656,59.0548
2021,22,Abu Dhabi Grand Prix,VET,Aston Martin,False,False,15.0,15,11,4,0.0,1.0,1,0.3966,21.221,2.0,24.5191,28.4656,59.0548
2021,22,Abu Dhabi Grand Prix,RIC,McLaren,False,False,10.0,10,12,-2,0.0,0.9828,2,0.3103,21.7525,2.0,24.5191,28.4656,59.0548
2021,22,Abu Dhabi Grand Prix,STR,Aston Martin,False,False,13.0,13,13,0,0.0,0.9828,2,0.3621,22.4745,3.0,24.5191,28.4656,59.0548
2021,22,Abu Dhabi Grand Prix,MSC,Haas F1 Team,False,False,19.0,19,14,5,0.0,0.9828,2,0.1724,22.097,2.0,24.5191,28.4656,59.0548
2021,22,Abu Dhabi Grand Prix,PER,Red Bull,True,False,4.0,4,15,-11,0.0,0.9483,3,0.3621,21.423,2.0,24.5191,28.4656,59.0548
2021,22,Abu Dhabi Grand Prix,LAT,Williams,True,False,16.0,16,16,0,0.0,0.8621,1,0.4828,21.241,2.0,24.5191,28.4656,59.0548
2021,22,Abu Dhabi Grand Prix,GIO,Alfa Romeo,True,False,14.0,14,17,-3,0.0,0.569,1,0.2931,22.283,2.0,24.5191,28.4656,59.0548
2021,22,Abu Dhabi Grand Prix,RAI,Alfa Romeo,True,False,18.0,18,19,-1,0.0,0.431,1,0.3621,22.338,2.0,24.5191,28.4656,59.0548
2022,1,Bahrain Grand Prix,LEC,Ferrari,False,False,1.0,1,1,0,26.0,1.0,3,0.2632,24.7173,2.0,23.6178,28.6104,29.4908
2022,1,Bahrain Grand Prix,SAI,Ferrari,False,False,3.0,3,2,1,18.0,1.0,3,0.2456,24.4637,2.0,23.6178,28.6104,29.4908
2022,1,Bahrain Grand Prix,HAM,Mercedes,False,False,5.0,5,3,2,15.0,1.0,3,0.193,25.5253,3.0,23.6178,28.6104,29.4908
2022,1,Bahrain Grand Prix,RUS,Mercedes,False,False,9.0,9,4,5,12.0,1.0,3,0.2632,25.5987,3.0,23.6178,28.6104,29.4908
2022,1,Bahrain Grand Prix,MAG,Haas F1 Team,False,False,7.0,7,5,2,10.0,1.0,3,0.2456,25.8017,2.0,23.6178,28.6104,29.4908
2022,1,Bahrain Grand Prix,BOT,Alfa Romeo,False,False,6.0,6,6,0,8.0,1.0,3,0.2456,25.4123,2.0,23.6178,28.6104,29.4908
2022,1,Bahrain Grand Prix,OCO,Alpine F1 Team,False,False,11.0,11,7,4,6.0,1.0,3,0.2456,26.7033,3.0,23.6178,28.6104,29.4908
2022,1,Bahrain Grand Prix,TSU,AlphaTauri,False,False,16.0,16,8,8,4.0,1.0,3,0.2632,24.8777,2.0,23.6178,28.6104,29.4908
2022,1,Bahrain Grand Prix,ALO,Alpine F1 Team,False,False,8.0,8,9,-1,2.0,1.0,3,0.193,24.9273,3.0,23.6178,28.6104,29.4908
2022,1,Bahrain Grand Prix,ZHO,Alfa Romeo,False,False,15.0,15,10,5,1.0,1.0,3,0.2632,26.4553,2.0,23.6178,28.6104,29.4908
2022,1,Bahrain Grand Prix,MSC,Haas F1 Team,False,False,12.0,12,11,1,0.0,1.0,2,0.2105,25.4,2.0,23.6178,28.6104,29.4908
2022,1,Bahrain Grand Prix,STR,Aston Martin,False,False,19.0,19,12,7,0.0,1.0,3,0.3158,25.9117,2.0,23.6178,28.6104,29.4908
2022,1,Bahrain Grand Prix,ALB,Williams,False,False,14.0,14,13,1,0.0,1.0,3,0.2281,25.1663,2.0,23.6178,28.6104,29.4908
2022,1,Bahrain Grand Prix,RIC,McLaren,False,False,18.0,18,14,4,0.0,1.0,3,0.2982,24.9797,3.0,23.6178,28.6104,29.4908
2022,1,Bahrain Grand Prix,NOR,McLaren,False,False,13.0,13,15,-2,0.0,1.0,3,0.4211,25.6367,3.0,23.6178,28.6104,29.4908
2022,1,Bahrain Grand Prix,LAT,Williams,False,False,20.0,20,16,4,0.0,1.0,3,0.2456,24.631,2.0,23.6178,28.6104,29.4908
2022,1,Bahrain Grand Prix,HUL,Aston Martin,False,False,17.0,17,17,0,0.0,1.0,3,0.3333,26.6083,2.0,23.6178,28.6104,29.4908
2022,1,Bahrain Grand Prix,PER,Red Bull,True,False,4.0,4,18,-14,0.0,0.9825,3,0.2632,24.722,2.0,23.6178,28.6104,29.4908
2022,1,Bahrain Grand Prix,VER,Red Bull,True,False,2.0,2,19,-17,0.0,0.9474,3,0.2456,24.7453,2.0,23.6178,28.6104,29.4908
2022,1,Bahrain Grand Prix,GAS,AlphaTauri,True,False,10.0,10,20,-10,0.0,0.7719,2,0.2456,25.225,3.0,23.6178,28.6104,29.4908
2022,2,Saudi Arabian Grand Prix,VER,Red Bull,False,False,4.0,4,1,3,25.0,1.0,1,0.32,20.731,2.0,25.4204,28.4092,59.6645
2022,2,Saudi Arabian Grand Prix,LEC,Ferrari,False,False,2.0,2,2,0,19.0,1.0,1,0.32,21.038,2.0,25.4204,28.4092,59.6645
2022,2,Saudi Arabian Grand Prix,SAI,Ferrari,False,False,3.0,3,3,0,15.0,1.0,1,0.32,21.521,2.0,25.4204,28.4092,59.6645
2022,2,Saudi Arabian Grand Prix,PER,Red Bull,False,False,1.0,1,4,-3,12.0,1.0,1,0.3,20.481,2.0,25.4204,28.4092,59.6645
2022,2,Saudi Arabian Grand Prix,RUS,Mercedes,False,False,6.0,6,5,1,10.0,1.0,1,0.32,21.415,2.0,25.4204,28.4092,59.6645
2022,2,Saudi Arabian Grand Prix,OCO,Alpine F1 Team,False,False,5.0,5,6,-1,8.0,1.0,1,0.32,21.141,2.0,25.4204,28.4092,59.6645
2022,2,Saudi Arabian Grand Prix,NOR,McLaren,False,False,11.0,11,7,4,6.0,1.0,1,0.32,20.383,2.0,25.4204,28.4092,59.6645
2022,2,Saudi Arabian Grand Prix,GAS,AlphaTauri,False,False,9.0,9,8,1,4.0,1.0,1,0.3,22.82,2.0,25.4204,28.4092,59.6645
2022,2,Saudi Arabian Grand Prix,MAG,Haas F1 Team,False,False,10.0,10,9,1,2.0,1.0,1,0.74,22.374,2.0,25.4204,28.4092,59.6645
2022,2,Saudi Arabian Grand Prix,HAM,Mercedes,False,False,16.0,15,10,5,1.0,1.0,1,0.8,21.788,2.0,25.4204,28.4092,59.6645
2022,2,Saudi Arabian Grand Prix,ZHO,Alfa Romeo,False,False,13.0,12,11,1,0.0,1.0,2,0.32,24.4185,2.0,25.4204,28.4092,59.6645
2022,2,Saudi Arabian Grand Prix,HUL,Aston Martin,False,False,18.0,17,12,5,0.0,1.0,1,0.74,21.425,2.0,25.4204,28.4092,59.6645
2022,2,Saudi Arabian Grand Prix,STR,Aston Martin,False,False,15.0,13,13,0,0.0,0.98,1,0.26,22.339,2.0,25.4204,28.4092,59.6645
2022,2,Saudi Arabian Grand Prix,ALB,Williams,True,False,17.0,16,14,2,0.0,0.94,1,0.26,20.683,2.0,25.4204,28.4092,59.6645
2022,2,Saudi Arabian Grand Prix,BOT,Alfa Romeo,True,False,8.0,8,15,-7,0.0,0.72,2,0.32,22.6355,2.0,25.4204,28.4092,59.6645
2022,2,Saudi Arabian Grand Prix,ALO,Alpine F1 Team,True,False,7.0,7,16,-9,0.0,0.7,1,0.32,21.543,2.0,25.4204,28.4092,59.6645
2022,2,Saudi Arabian Grand Prix,RIC,McLaren,True,False,12.0,14,17,-3,0.0,0.7,1,0.16,20.65,2.0,25.4204,28.4092,59.6645
2022,3,Australian Grand Prix,LEC,Ferrari,False,False,1.0,1,1,0,26.0,1.0,1,0.3793,17.973,2.0,26.6974,37.4083,43.6538
2022,3,Australian Grand Prix,PER,Red Bull,False,False,3.0,3,2,1,18.0,1.0,1,0.3448,17.434,2.0,26.6974,37.4083,43.6538
2022,3,Australian Grand Prix,RUS,Mercedes,False,False,6.0,6,3,3,15.0,1.0,1,0.3966,18.479,2.0,26.6974,37.4083,43.6538
2022,3,Australian Grand Prix,HAM,Mercedes,False,False,5.0,5,4,1,12.0,1.0,1,0.3793,17.877,2.0,26.6974,37.4083,43.6538
2022,3,Australian Grand Prix,NOR,McLaren,False,False,4.0,4,5,-1,10.0,1.0,1,0.3448,17.556,2.0,26.6974,37.4083,43.6538
2022,3,Australian Grand Prix,RIC,McLaren,False,False,7.0,7,6,1,8.0,1.0,1,0.3621,18.15,2.0,26.6974,37.4083,43.6538
2022,3,Australian Grand Prix,OCO,Alpine F1 Team,False,False,8.0,8,7,1,6.0,1.0,1,0.2931,19.128,2.0,26.6974,37.4083,43.6538
2022,3,Australian Grand Prix,BOT,Alfa Romeo,False,False,12.0,12,8,4,4.0,1.0,1,0.3793,18.413,2.0,26.6974,37.4083,43.6538
2022,3,Australian Grand Prix,GAS,AlphaTauri,False,False,11.0,11,9,2,2.0,1.0,1,0.3621,18.926,2.0,26.6974,37.4083,43.6538
2022,3,Australian Grand Prix,ALB,Williams,False,False,16.0,20,10,10,1.0,1.0,1,0.9828,19.845,2.0,26.6974,37.4083,43.6538
2022,3,Australian Grand Prix,ZHO,Alfa Romeo,False,False,14.0,14,11,3,0.0,1.0,1,0.3621,18.38,2.0,26.6974,37.4083,43.6538
2022,3,Australian Grand Prix,STR,Aston Martin,False,False,20.0,19,12,7,0.0,1.0,3,0.0517,19.068,2.0,26.6974,37.4083,43.6538
2022,3,Australian Grand Prix,MSC,Haas F1 Team,False,False,15.0,15,13,2,0.0,0.9828,1,0.2414,19.039,2.0,26.6974,37.4083,43.6538
2022,3,Australian Grand Prix,MAG,Haas F1 Team,False,False,17.0,16,14,2,0.0,0.9828,1,0.6724,19.111,2.0,26.6974,37.4083,43.6538
2022,3,Australian Grand Prix,TSU,AlphaTauri,False,False,13.0,13,15,-2,0.0,0.9828,1,0.3103,18.443,2.0,26.6974,37.4083,43.6538
2022,3,Australian Grand Prix,LAT,Williams,False,False,19.0,18,16,2,0.0,0.9828,2,0.2241,18.244,2.0,26.6974,37.4083,43.6538
2022,3,Australian Grand Prix,ALO,Alpine F1 Team,False,False,10.0,10,17,-7,0.0,0.9828,2,0.6724,18.595,2.0,26.6974,37.4083,43.6538
2022,3,Australian Grand Prix,VER,Red Bull,True,False,2.0,2,18,-16,0.0,0.6552,1,0.3103,18.281,2.0,26.6974,37.4083,43.6538
2022,4,Emilia Romagna Grand Prix,VER,Red Bull,False,False,1.0,1,1,0,26.0,1.0,2,0.3016,29.9715,3.0,12.8994,17.419,83.1709
2022,4,Emilia Romagna Grand Prix,PER,Red Bull,False,False,7.0,3,2,1,18.0,1.0,2,0.2857,29.9965,3.0,12.8994,17.419,83.1709
2022,4,Emilia Romagna Grand Prix,NOR,McLaren,False,False,3.0,5,3,2,15.0,1.0,1,0.3016,30.07,2.0,12.8994,17.419,83.1709
2022,4,Emilia Romagna Grand Prix,RUS,Mercedes,False,False,11.0,11,4,7,12.0,1.0,1,0.2857,31.079,2.0,12.8994,17.419,83.1709
2022,4,Emilia Romagna Grand Prix,BOT,Alfa Romeo,False,False,8.0,7,5,2,10.0,1.0,1,0.2857,40.957,2.0,12.8994,17.419,83.1709
2022,4,Emilia Romagna Grand Prix,LEC,Ferrari,False,False,2.0,2,6,-4,8.0,1.0,3,0.3016,32.7987,3.0,12.8994,17.419,83.1709
2022,4,Emilia Romagna Grand Prix,TSU,AlphaTauri,False,False,16.0,12,7,5,6.0,1.0,1,0.2857,30.372,2.0,12.8994,17.419,83.1709
2022,4,Emilia Romagna Grand Prix,VET,Aston Martin,False,False,9.0,13,8,5,4.0,1.0,1,0.2698,30.484,2.0,12.8994,17.419,83.1709
2022,4,Emilia Romagna Grand Prix,MAG,Haas F1 Team,False,False,4.0,8,9,-1,2.0,1.0,1,0.2857,33.765,2.0,12.8994,17.419,83.1709
2022,4,Emilia Romagna Grand Prix,STR,Aston Martin,False,False,15.0,15,10,5,1.0,0.9841,1,0.2857,32.667,2.0,12.8994,17.419,83.1709
2022,4,Emilia Romagna Grand Prix,ALB,Williams,False,False,20.0,18,11,7,0.0,0.9841,1,0.2698,30.793,2.0,12.8994,17.419,83.1709
2022,4,Emilia Romagna Grand Prix,GAS,AlphaTauri,False,False,17.0,17,12,5,0.0,0.9841,1,0.2698,30.405,2.0,12.8994,17.419,83.1709
2022,4,Emilia Romagna Grand Prix,HAM,Mercedes,False,False,13.0,14,13,1,0.0,0.9841,1,0.2857,32.74,2.0,12.8994,17.419,83.1709
2022,4,Emilia Romagna Grand Prix,OCO,Alpine F1 Team,False,False,19.0,16,14,2,0.0,0.9841,1,0.2857,31.409,2.0,12.8994,17.419,83.1709
2022,4,Emilia Romagna Grand Prix,ZHO,Alfa Romeo,False,False,14.0,21,15,6,0.0,0.9841,1,0.2857,32.203,2.0,12.8994,17.419,83.1709
2022,4,Emilia Romagna Grand Prix,LAT,Williams,False,False,18.0,19,16,3,0.0,0.9841,1,0.2857,31.125,2.0,12.8994,17.419,83.1709
2022,4,Emilia Romagna Grand Prix,MSC,Haas F1 Team,False,False,12.0,10,17,-7,0.0,0.9841,2,0.2857,31.152,3.0,12.8994,17.419,83.1709
2022,4,Emilia Romagna Grand Prix,RIC,McLaren,False,False,6.0,6,18,-12,0.0,0.9841,3,0.0317,30.9797,3.0,12.8994,17.419,83.1709
2022,5,Miami Grand Prix,VER,Red Bull,False,True,3.0,3,1,2,26.0,1.0,1,0.4561,18.798,2.0,30.6173,42.8198,58.858
2022,5,Miami Grand Prix,LEC,Ferrari,False,True,1.0,1,2,-1,18.0,1.0,1,0.4211,19.697,2.0,30.6173,42.8198,58.858
2022,5,Miami Grand Prix,SAI,Ferrari,False,True,2.0,2,3,-1,15.0,1.0,1,0.4737,22.063,2.0,30.6173,42.8198,58.858
2022,5,Miami Grand Prix,PER,Red Bull,False,True,4.0,4,4,0,12.0,1.0,2,0.4737,18.476,2.0,30.6173,42.8198,58.858
2022,5,Miami Grand Prix,RUS,Mercedes,False,True,12.0,12,5,7,10.0,1.0,1,0.7018,19.035,2.0,30.6173,42.8198,58.858
2022,5,Miami Grand Prix,HAM,Mercedes,False,True,6.0,6,6,0,8.0,1.0,1,0.386,18.82,2.0,30.6173,42.8198,58.858
2022,5,Miami Grand Prix,BOT,Alfa Romeo,False,True,5.0,5,7,-2,6.0,1.0,1,0.4561,19.614,2.0,30.6173,42.8198,58.858
2022,5,Miami Grand Prix,OCO,Alpine F1 Team,False,True,20.0,20,8,12,4.0,1.0,1,0.7193,19.019,2.0,30.6173,42.8198,58.858
2022,5,Miami Grand Prix,ALB,Williams,False,True,18.0,18,9,9,2.0,1.0,1,0.2807,20.059,2.0,30.6173,42.8198,58.858
2022,5,Miami Grand Prix,STR,Aston Martin,False,True,10.0,21,10,11,1.0,1.0,1,0.7018,19.074,2.0,30.6173,42.8198,58.858
2022,5,Miami Grand Prix,ALO,Alpine F1 Team,False,True,11.0,11,11,0,0.0,1.0,1,0.2632,21.638,2.0,30.6173,42.8198,58.858
2022,5,Miami Grand Prix,TSU,AlphaTauri,False,True,9.0,9,12,-3,0.0,1.0,2,0.193,19.244,3.0,30.6173,42.8198,58.858
2022,5,Miami Grand Prix,RIC,McLaren,False,True,14.0,14,13,1,0.0,1.0,2,0.5263,19.382,3.0,30.6173,42.8198,58.858
2022,5,Miami Grand Prix,LAT,Williams,False,True,19.0,19,14,5,0.0,1.0,1,0.5965,19.185,2.0,30.6173,42.8198,58.858
2022,5,Miami Grand Prix,MSC,Haas F1 Team,False,True,15.0,15,15,0,0.0,1.0,2,0.2456,26.397,2.0,30.6173,42.8198,58.858
2022,5,Miami Grand Prix,MAG,Haas F1 Team,True,True,16.0,16,16,0,0.0,0.9825,2,0.2105,20.2165,2.0,30.6173,42.8198,58.858
2022,5,Miami Grand Prix,VET,Aston Martin,True,True,13.0,21,17,4,0.0,0.9474,1,0.7193,19.861,2.0,30.6173,42.8198,58.858
2022,5,Miami Grand Prix,GAS,AlphaTauri,True,True,7.0,7,18,-11,0.0,0.7895,2,0.2807,19.275,3.0,30.6173,42.8198,58.858
2022,5,Miami Grand Prix,NOR,McLaren,True,True,8.0,8,19,-11,0.0,0.6842,1,0.3158,19.986,2.0,30.6173,42.8198,58.858
2022,6,Spanish Grand Prix,VER,Red Bull,False,False,2.0,2,1,1,25.0,1.0,3,0.197,22.0267,2.0,36.5659,48.9573,7.1098
2022,6,Spanish Grand Prix,PER,Red Bull,False,False,5.0,5,2,3,19.0,1.0,3,0.2576,21.7817,2.0,36.5659,48.9573,7.1098
2022,6,Spanish Grand Prix,RUS,Mercedes,False,False,4.0,4,3,1,15.0,1.0,3,0.197,22.336,2.0,36.5659,48.9573,7.1098
2022,6,Spanish Grand Prix,SAI,Ferrari,False,False,3.0,3,4,-1,12.0,1.0,3,0.1515,22.17,2.0,36.5659,48.9573,7.1098
2022,6,Spanish Grand Prix,HAM,Mercedes,False,False,6.0,6,5,1,10.0,1.0,3,0.0152,25.1333,2.0,36.5659,48.9573,7.1098
2022,6,Spanish Grand Prix,BOT,Alfa Romeo,False,False,7.0,7,6,1,8.0,1.0,2,0.2121,22.764,2.0,36.5659,48.9573,7.1098
2022,6,Spanish Grand Prix,OCO,Alpine F1 Team,False,False,12.0,12,7,5,6.0,1.0,3,0.197,22.3743,2.0,36.5659,48.9573,7.1098
2022,6,Spanish Grand Prix,NOR,McLaren,False,False,11.0,11,8,3,4.0,1.0,3,0.1818,22.474,2.0,36.5659,48.9573,7.1098
2022,6,Spanish Grand Prix,ALO,Alpine F1 Team,False,False,17.0,20,9,11,2.0,0.9848,3,0.1515,23.232,2.0,36.5659,48.9573,7.1098
2022,6,Spanish Grand Prix,TSU,AlphaTauri,False,False,13.0,13,10,3,1.0,0.9848,3,0.1667,22.7337,2.0,36.5659,48.9573,7.1098
2022,6,Spanish Grand Prix,VET,Aston Martin,False,False,16.0,16,11,5,0.0,0.9848,2,0.3182,22.496,2.0,36.5659,48.9573,7.1098
2022,6,Spanish Grand Prix,RIC,McLaren,False,False,9.0,9,12,-3,0.0,0.9848,3,0.1667,22.2257,2.0,36.5659,48.9573,7.1098
2022,6,Spanish Grand Prix,GAS,AlphaTauri,False,False,14.0,14,13,1,0.0,0.9848,3,0.1515,23.931,2.0,36.5659,48.9573,7.1098
2022,6,Spanish Grand Prix,MSC,Haas F1 Team,False,False,10.0,10,14,-4,0.0,0.9848,2,0.1818,23.3545,2.0,36.5659,48.9573,7.1098
2022,6,Spanish Grand Prix,STR,Aston Martin,False,False,18.0,17,15,2,0.0,0.9848,3,0.2121,23.3463,2.0,36.5659,48.9573,7.1098
2022,6,Spanish Grand Prix,LAT,Williams,False,False,20.0,19,16,3,0.0,0.9697,3,0.1818,22.7537,2.0,36.5659,48.9573,7.1098
2022,6,Spanish Grand Prix,MAG,Haas F1 Team,False,False,8.0,8,17,-9,0.0,0.9697,2,0.0152,26.755,3.0,36.5659,48.9573,7.1098
2022,6,Spanish Grand Prix,ALB,Williams,False,False,19.0,18,18,0,0.0,0.9697,4,0.1667,23.202,2.0,36.5659,48.9573,7.1098
2022,6,Spanish Grand Prix,ZHO,Alfa Romeo,True,False,15.0,15,19,-4,0.0,0.4242,1,0.1515,23.109,2.0,36.5659,48.9573,7.1098
2022,6,Spanish Grand Prix,LEC,Ferrari,True,False,1.0,1,20,-19,0.0,0.4091,1,0.3182,21.794,2.0,36.5659,48.9573,7.1098
2022,7,Monaco Grand Prix,PER,Red Bull,False,True,3.0,3,1,2,25.0,1.0,3,0.25,24.4725,4.0,22.2747,31.0384,75.6653
2022,7,Monaco Grand Prix,SAI,Ferrari,False,True,2.0,2,2,0,18.0,1.0,2,0.3281,24.666,2.0,22.2747,31.0384,75.6653
2022,7,Monaco Grand Prix,VER,Red Bull,False,True,4.0,4,3,1,15.0,1.0,3,0.2812,26.9695,4.0,22.2747,31.0384,75.6653
2022,7,Monaco Grand Prix,LEC,Ferrari,False,True,1.0,1,4,-3,12.0,1.0,3,0.2812,26.872,3.0,22.2747,31.0384,75.6653
2022,7,Monaco Grand Prix,RUS,Mercedes,False,True,6.0,6,5,1,10.0,1.0,2,0.3281,25.352,3.0,22.2747,31.0384,75.6653
2022,7,Monaco Grand Prix,NOR,McLaren,False,True,5.0,5,6,-1,9.0,1.0,4,0.2656,24.7463,4.0,22.2747,31.0384,75.6653
2022,7,Monaco Grand Prix,ALO,Alpine F1 Team,False,True,7.0,7,7,0,6.0,1.0,2,0.3281,24.526,3.0,22.2747,31.0384,75.6653
2022,7,Monaco Grand Prix,HAM,Mercedes,False,True,8.0,8,8,0,4.0,1.0,3,0.2344,24.6515,4.0,22.2747,31.0384,75.6653
2022,7,Monaco Grand Prix,BOT,Alfa Romeo,False,True,12.0,12,9,3,2.0,1.0,2,0.3125,25.865,2.0,22.2747,31.0384,75.6653
2022,7,Monaco Grand Prix,VET,Aston Martin,False,True,9.0,9,10,-1,1.0,1.0,3,0.0938,25.049,3.0,22.2747,31.0384,75.6653
2022,7,Monaco Grand Prix,GAS,AlphaTauri,False,True,17.0,17,11,6,0.0,1.0,3,0.0312,32.128,2.0,22.2747,31.0384,75.6653
2022,7,Monaco Grand Prix,OCO,Alpine F1 Team,False,True,10.0,10,12,-2,0.0,1.0,2,0.3281,24.875,3.0,22.2747,31.0384,75.6653
2022,7,Monaco Grand Prix,RIC,McLaren,False,True,14.0,14,13,1,0.0,1.0,2,0.2969,26.056,2.0,22.2747,31.0384,75.6653
2022,7,Monaco Grand Prix,STR,Aston Martin,False,True,18.0,18,14,4,0.0,1.0,4,0.0156,28.377,4.0,22.2747,31.0384,75.6653
2022,7,Monaco Grand Prix,LAT,Williams,False,True,19.0,19,15,4,0.0,0.9844,4,0.0156,33.3447,4.0,22.2747,31.0384,75.6653
2022,7,Monaco Grand Prix,ZHO,Alfa Romeo,False,True,20.0,20,16,4,0.0,0.9844,2,0.2969,25.594,3.0,22.2747,31.0384,75.6653
2022,7,Monaco Grand Prix,TSU,AlphaTauri,False,True,11.0,11,17,-6,0.0,0.9844,4,0.0938,25.4517,5.0,22.2747,31.0384,75.6653
2022,7,Monaco Grand Prix,ALB,Williams,True,True,16.0,16,18,-2,0.0,0.75,3,0.2812,29.3745,3.0,22.2747,31.0384,75.6653
2022,7,Monaco Grand Prix,MSC,Haas F1 Team,True,True,15.0,15,19,-4,0.0,0.375,2,0.0625,32.2455,3.0,22.2747,31.0384,75.6653
2022,8,Azerbaijan Grand Prix,VER,Red Bull,False,False,3.0,3,1,2,25.0,1.0,2,0.3529,21.095,2.0,25.4354,47.1497,59.4907
2022,8,Azerbaijan Grand Prix,PER,Red Bull,False,False,2.0,2,2,0,19.0,1.0,2,0.3137,22.864,2.0,25.4354,47.1497,59.4907
2022,8,Azerbaijan Grand Prix,RUS,Mercedes,False,False,5.0,5,3,2,15.0,1.0,2,0.1765,20.5325,2.0,25.4354,47.1497,59.4907
2022,8,Azerbaijan Grand Prix,HAM,Mercedes,False,False,7.0,7,4,3,12.0,1.0,2,0.1765,21.1505,2.0,25.4354,47.1497,59.4907
2022,8,Azerbaijan Grand Prix,GAS,AlphaTauri,False,False,6.0,6,5,1,10.0,1.0,1,0.1765,22.698,2.0,25.4354,47.1497,59.4907
2022,8,Azerbaijan Grand Prix,VET,Aston Martin,False,False,9.0,9,6,3,8.0,1.0,1,0.1765,20.249,2.0,25.4354,47.1497,59.4907
2022,8,Azerbaijan Grand Prix,ALO,Alpine F1 Team,False,False,10.0,10,7,3,6.0,1.0,1,0.3529,20.571,2.0,25.4354,47.1497,59.4907
2022,8,Azerbaijan Grand Prix,RIC,McLaren,False,False,12.0,12,8,4,4.0,1.0,1,0.6471,21.794,2.0,25.4354,47.1497,59.4907
2022,8,Azerbaijan Grand Prix,NOR,McLaren,False,False,11.0,11,9,2,2.0,1.0,1,0.3922,21.443,2.0,25.4354,47.1497,59.4907
2022,8,Azerbaijan Grand Prix,OCO,Alpine F1 Team,False,False,13.0,13,10,3,1.0,1.0,1,0.6471,22.638,2.0,25.4354,47.1497,59.4907
2022,8,Azerbaijan Grand Prix,BOT,Alfa Romeo,False,False,15.0,15,11,4,0.0,0.9804,1,0.6471,20.979,2.0,25.4354,47.1497,59.4907
2022,8,Azerbaijan Grand Prix,ALB,Williams,False,False,17.0,17,12,5,0.0,0.9804,2,0.1765,23.5585,2.0,25.4354,47.1497,59.4907
2022,8,Azerbaijan Grand Prix,TSU,AlphaTauri,False,False,8.0,8,13,-5,0.0,0.9804,2,0.1765,32.2915,3.0,25.4354,47.1497,59.4907
2022,8,Azerbaijan Grand Prix,MSC,Haas F1 Team,False,False,20.0,20,14,6,0.0,0.9804,2,0.1765,24.602,2.0,25.4354,47.1497,59.4907
2022,8,Azerbaijan Grand Prix,LAT,Williams,False,False,18.0,18,15,3,0.0,0.9804,2,0.0588,25.732,2.0,25.4354,47.1497,59.4907
2022,8,Azerbaijan Grand Prix,STR,Aston Martin,True,False,19.0,19,16,3,0.0,0.902,1,0.5882,22.059,2.0,25.4354,47.1497,59.4907
2022,8,Azerbaijan Grand Prix,MAG,Haas F1 Team,True,False,16.0,16,17,-1,0.0,0.6078,1,0.1765,21.555,2.0,25.4354,47.1497,59.4907
2022,8,Azerbaijan Grand Prix,ZHO,Alfa Romeo,True,False,14.0,14,18,-4,0.0,0.451,1,0.1765,23.001,2.0,25.4354,47.1497,59.4907
2022,8,Azerbaijan Grand Prix,LEC,Ferrari,True,False,1.0,1,19,-18,0.0,0.4118,1,0.1765,23.212,2.0,25.4354,47.1497,59.4907
2022,9,Canadian Grand Prix,VER,Red Bull,False,False,1.0,1,1,0,25.0,1.0,2,0.1286,23.9605,2.0,20.763,41.2611,28.9259
2022,9,Canadian Grand Prix,SAI,Ferrari,False,False,3.0,3,2,1,19.0,1.0,2,0.2857,24.548,2.0,20.763,41.2611,28.9259
2022,9,Canadian Grand Prix,HAM,Mercedes,False,False,4.0,4,3,1,15.0,1.0,2,0.1286,23.843,2.0,20.763,41.2611,28.9259
2022,9,Canadian Grand Prix,RUS,Mercedes,False,False,8.0,8,4,4,12.0,1.0,2,0.2714,24.01,2.0,20.763,41.2611,28.9259
2022,9,Canadian Grand Prix,LEC,Ferrari,False,False,15.0,19,5,14,10.0,1.0,1,0.5857,26.199,2.0,20.763,41.2611,28.9259
2022,9,Canadian Grand Prix,OCO,Alpine F1 Team,False,False,7.0,7,6,1,8.0,1.0,2,0.2714,24.8145,2.0,20.763,41.2611,28.9259
2022,9,Canadian Grand Prix,BOT,Alfa Romeo,False,False,11.0,11,7,4,6.0,1.0,1,0.7,26.089,2.0,20.763,41.2611,28.9259
2022,9,Canadian Grand Prix,ZHO,Alfa Romeo,False,False,10.0,10,8,2,4.0,1.0,2,0.2714,24.1305,2.0,20.763,41.2611,28.9259
2022,9,Canadian Grand Prix,ALO,Alpine F1 Team,False,False,2.0,2,9,-7,2.0,1.0,2,0.4,24.459,2.0,20.763,41.2611,28.9259
2022,9,Canadian Grand Prix,STR,Aston Martin,False,False,18.0,17,10,7,1.0,1.0,1,0.6714,25.252,2.0,20.763,41.2611,28.9259
2022,9,Canadian Grand Prix,RIC,McLaren,False,False,9.0,9,11,-2,0.0,1.0,2,0.2714,26.385,2.0,20.763,41.2611,28.9259
2022,9,Canadian Grand Prix,VET,Aston Martin,False,False,17.0,16,12,4,0.0,1.0,2,0.0714,23.5435,2.0,20.763,41.2611,28.9259
2022,9,Canadian Grand Prix,ALB,Williams,False,False,12.0,12,13,-1,0.0,1.0,2,0.2571,23.667,2.0,20.763,41.2611,28.9259
2022,9,Canadian Grand Prix,GAS,AlphaTauri,False,False,16.0,15,14,1,0.0,1.0,2,0.0714,23.585,2.0,20.763,41.2611,28.9259
2022,9,Canadian Grand Prix,NOR,McLaren,False,False,14.0,14,15,-1,0.0,1.0,2,0.2714,33.583,2.0,20.763,41.2611,28.9259
2022,9,Canadian Grand Prix,LAT,Williams,False,False,19.0,18,16,2,0.0,1.0,2,0.1286,27.027,2.0,20.763,41.2611,28.9259
2022,9,Canadian Grand Prix,MAG,Haas F1 Team,False,False,5.0,5,17,-12,0.0,1.0,1,0.1,38.262,2.0,20.763,41.2611,28.9259
2022,9,Canadian Grand Prix,TSU,AlphaTauri,True,False,20.0,20,18,2,0.0,0.6714,2,0.1286,23.349,2.0,20.763,41.2611,28.9259
2022,10,British Grand Prix,SAI,Ferrari,False,True,1.0,1,1,0,25.0,1.0,3,0.0192,28.5045,3.0,18.2532,30.0261,59.7488
2022,10,British Grand Prix,PER,Red Bull,False,True,4.0,4,2,2,18.0,1.0,3,0.0192,32.7285,2.0,18.2532,30.0261,59.7488
2022,10,British Grand Prix,HAM,Mercedes,False,True,5.0,5,3,2,16.0,1.0,3,0.0192,29.4165,3.0,18.2532,30.0261,59.7488
2022,10,British Grand Prix,LEC,Ferrari,False,True,3.0,3,4,-1,12.0,1.0,2,0.0192,28.805,2.0,18.2532,30.0261,59.7488
2022,10,British Grand Prix,ALO,Alpine F1 Team,False,True,7.0,7,5,2,10.0,1.0,3,0.0192,28.787,3.0,18.2532,30.0261,59.7488
2022,10,British Grand Prix,NOR,McLaren,False,True,6.0,6,6,0,8.0,1.0,3,0.0192,28.803,3.0,18.2532,30.0261,59.7488
2022,10,British Grand Prix,VER,Red Bull,False,True,2.0,2,7,-5,6.0,1.0,4,0.0192,29.1333,3.0,18.2532,30.0261,59.7488
2022,10,British Grand Prix,MSC,Haas F1 Team,False,True,19.0,19,8,11,4.0,1.0,3,0.0192,29.9895,3.0,18.2532,30.0261,59.7488
2022,10,British Grand Prix,VET,Aston Martin,False,True,18.0,18,9,9,2.0,1.0,3,0.0192,29.193,2.0,18.2532,30.0261,59.7488
2022,10,British Grand Prix,MAG,Haas F1 Team,False,True,17.0,17,10,7,1.0,1.0,2,0.0192,29.473,2.0,18.2532,30.0261,59.7488
2022,10,British Grand Prix,STR,Aston Martin,False,True,20.0,20,11,9,0.0,1.0,3,0.0192,29.206,2.0,18.2532,30.0261,59.7488
2022,10,British Grand Prix,LAT,Williams,False,True,10.0,10,12,-2,0.0,1.0,3,0.0192,28.6335,2.0,18.2532,30.0261,59.7488
2022,10,British Grand Prix,RIC,McLaren,False,True,14.0,14,13,1,0.0,1.0,4,0.0192,30.0687,3.0,18.2532,30.0261,59.7488
2022,10,British Grand Prix,TSU,AlphaTauri,False,True,13.0,13,14,-1,0.0,1.0,3,0.0192,32.1035,3.0,18.2532,30.0261,59.7488
2022,10,British Grand Prix,OCO,Alpine F1 Team,True,True,15.0,15,15,0,0.0,0.7115,2,0.0192,30.342,3.0,18.2532,30.0261,59.7488
2022,10,British Grand Prix,GAS,AlphaTauri,True,True,11.0,11,16,-5,0.0,0.5,2,0.0192,29.632,3.0,18.2532,30.0261,59.7488
2022,11,Austrian Grand Prix,LEC,Ferrari,False,False,2.0,2,1,1,25.0,1.0,3,0.3662,21.5003,2.0,20.2559,30.7467,35.1382
2022,11,Austrian Grand Prix,VER,Red Bull,False,False,1.0,1,2,-1,19.0,1.0,3,0.1831,21.595,2.0,20.2559,30.7467,35.1382
2022,11,Austrian Grand Prix,HAM,Mercedes,False,False,9.0,8,3,5,15.0,1.0,2,0.3944,22.8615,2.0,20.2559,30.7467,35.1382
2022,11,Austrian Grand Prix,RUS,Mercedes,False,False,4.0,4,4,0,12.0,1.0,2,0.1549,29.966,3.0,20.2559,30.7467,35.1382
2022,11,Austrian Grand Prix,OCO,Alpine F1 Team,False,False,5.0,6,5,1,10.0,1.0,2,0.2254,21.932,3.0,20.2559,30.7467,35.1382
2022,11,Austrian Grand Prix,MSC,Haas F1 Team,False,False,7.0,9,6,3,8.0,0.9859,2,0.2254,22.5,3.0,20.2559,30.7467,35.1382
2022,11,Austrian Grand Prix,NOR,McLaren,False,False,15.0,10,7,3,6.0,0.9859,2,0.1972,25.004,3.0,20.2559,30.7467,35.1382
2022,11,Austrian Grand Prix,MAG,Haas F1 Team,False,False,6.0,7,8,-1,4.0,0.9859,2,0.2113,22.1465,3.0,20.2559,30.7467,35.1382
2022,11,Austrian Grand Prix,RIC,McLaren,False,False,16.0,11,9,2,2.0,0.9859,2,0.169,21.6225,3.0,20.2559,30.7467,35.1382
2022,11,Austrian Grand Prix,ALO,Alpine F1 Team,False,False,8.0,19,10,9,1.0,0.9859,3,0.3803,22.5437,2.0,20.2559,30.7467,35.1382
2022,11,Austrian Grand Prix,BOT,Alfa Romeo,False,False,12.0,21,11,10,0.0,0.9859,2,0.0845,23.4775,3.0,20.2559,30.7467,35.1382
2022,11,Austrian Grand Prix,ALB,Williams,False,False,11.0,15,12,3,0.0,0.9859,2,0.1549,22.2115,3.0,20.2559,30.7467,35.1382
2022,11,Austrian Grand Prix,STR,Aston Martin,False,False,17.0,12,13,-1,0.0,0.9859,2,0.4085,21.6915,2.0,20.2559,30.7467,35.1382
2022,11,Austrian Grand Prix,ZHO,Alfa Romeo,False,False,18.0,13,14,-1,0.0,0.9859,2,0.338,25.782,2.0,20.2559,30.7467,35.1382
2022,11,Austrian Grand Prix,GAS,AlphaTauri,False,False,10.0,14,15,-1,0.0,0.9859,2,0.169,25.167,3.0,20.2559,30.7467,35.1382
2022,11,Austrian Grand Prix,TSU,AlphaTauri,False,False,14.0,16,16,0,0.0,0.9859,2,0.3662,21.634,2.0,20.2559,30.7467,35.1382
2022,11,Austrian Grand Prix,VET,Aston Martin,False,False,20.0,18,17,1,0.0,0.9859,2,0.2817,21.8475,3.0,20.2559,30.7467,35.1382
2022,11,Austrian Grand Prix,SAI,Ferrari,True,False,3.0,3,18,-15,0.0,0.7887,2,0.3803,21.352,3.0,20.2559,30.7467,35.1382
2022,11,Austrian Grand Prix,LAT,Williams,True,False,19.0,17,19,-2,0.0,0.6761,2,0.169,21.464,3.0,20.2559,30.7467,35.1382
2022,11,Austrian Grand Prix,PER,Red Bull,True,False,13.0,5,20,-15,0.0,0.338,1,0.0141,23.681,2.0,20.2559,30.7467,35.1382
2022,12,French Grand Prix,VER,Red Bull,False,False,2.0,2,1,1,25.0,1.0,1,0.3019,35.266,2.0,30.1648,54.4617,47.7344
2022,12,French Grand Prix,HAM,Mercedes,False,False,4.0,4,2,2,18.0,1.0,1,0.3396,37.189,2.0,30.1648,54.4617,47.7344
2022,12,French Grand Prix,RUS,Mercedes,False,False,6.0,6,3,3,15.0,1.0,1,0.3396,38.277,2.0,30.1648,54.4617,47.7344
2022,12,French Grand Prix,PER,Red Bull,False,False,3.0,3,4,-1,12.0,1.0,1,0.3396,38.061,2.0,30.1648,54.4617,47.7344
2022,12,French Grand Prix,SAI,Ferrari,False,False,9.0,19,5,14,11.0,1.0,2,0.3396,41.875,2.0,30.1648,54.4617,47.7344
2022,12,French Grand Prix,ALO,Alpine F1 Team,False,False,7.0,7,6,1,8.0,1.0,1,0.3396,36.524,2.0,30.1648,54.4617,47.7344
2022,12,French Grand Prix,NOR,McLaren,False,False,5.0,5,7,-2,6.0,1.0,1,0.3396,37.539,2.0,30.1648,54.4617,47.7344
2022,12,French Grand Prix,OCO,Alpine F1 Team,False,False,12.0,10,8,2,4.0,1.0,1,0.3396,44.747,2.0,30.1648,54.4617,47.7344
2022,12,French Grand Prix,RIC,McLaren,False,False,11.0,9,9,0,2.0,1.0,1,0.3396,36.264,2.0,30.1648,54.4617,47.7344
2022,12,French Grand Prix,STR,Aston Martin,False,False,17.0,15,10,5,1.0,1.0,1,0.3396,39.844,2.0,30.1648,54.4617,47.7344
2022,12,French Grand Prix,VET,Aston Martin,False,False,14.0,12,11,1,0.0,1.0,1,0.3585,36.671,2.0,30.1648,54.4617,47.7344
2022,12,French Grand Prix,GAS,AlphaTauri,False,False,16.0,14,12,2,0.0,1.0,1,0.3396,35.969,2.0,30.1648,54.4617,47.7344
2022,12,French Grand Prix,ALB,Williams,False,False,15.0,13,13,0,0.0,1.0,1,0.3396,37.38,2.0,30.1648,54.4617,47.7344
2022,12,French Grand Prix,BOT,Alfa Romeo,False,False,13.0,11,14,-3,0.0,1.0,2,0.3396,37.1875,2.0,30.1648,54.4617,47.7344
2022,12,French Grand Prix,MSC,Haas F1 Team,False,False,19.0,17,15,2,0.0,1.0,2,0.1698,36.8535,2.0,30.1648,54.4617,47.7344
2022,12,French Grand Prix,ZHO,Alfa Romeo,False,False,18.0,16,16,0,0.0,0.8868,2,0.1698,43.617,2.0,30.1648,54.4617,47.7344
2022,12,French Grand Prix,LAT,Williams,True,False,20.0,18,17,1,0.0,0.7547,2,0.3585,37.2195,2.0,30.1648,54.4617,47.7344
2022,12,French Grand Prix,MAG,Haas F1 Team,True,False,10.0,20,18,2,0.0,0.6981,2,0.1509,36.591,2.0,30.1648,54.4617,47.7344
2022,12,French Grand Prix,TSU,AlphaTauri,True,False,8.0,8,20,-12,0.0,0.3208,1,0.2075,37.648,2.0,30.1648,54.4617,47.7344
2022,13,Hungarian Grand Prix,VER,Red Bull,False,True,10.0,10,1,9,25.0,1.0,2,0.2286,21.2895,2.0,18.5599,26.721,69.3174
2022,13,Hungarian Grand Prix,HAM,Mercedes,False,True,7.0,7,2,5,19.0,1.0,2,0.2714,21.897,2.0,18.5599,26.721,69.3174
2022,13,Hungarian Grand Prix,RUS,Mercedes,False,True,1.0,1,3,-2,15.0,1.0,2,0.2286,22.253,2.0,18.5599,26.721,69.3174
2022,13,Hungarian Grand Prix,SAI,Ferrari,False,True,2.0,2,4,-2,12.0,1.0,2,0.2429,23.138,2.0,18.5599,26.721,69.3174
2022,13,Hungarian Grand Prix,PER,Red Bull,False,True,11.0,11,5,6,10.0,1.0,2,0.2571,21.1425,2.0,18.5599,26.721,69.3174
2022,13,Hungarian Grand Prix,LEC,Ferrari,False,True,3.0,3,6,-3,8.0,1.0,3,0.3,21.7637,3.0,18.5599,26.721,69.3174
2022,13,Hungarian Grand Prix,NOR,McLaren,False,True,4.0,4,7,-3,6.0,1.0,2,0.2,22.711,3.0,18.5599,26.721,69.3174
2022,13,Hungarian Grand Prix,ALO,Alpine F1 Team,False,True,6.0,6,8,-2,4.0,0.9857,1,0.3,22.083,2.0,18.5599,26.721,69.3174
2022,13,Hungarian Grand Prix,OCO,Alpine F1 Team,False,True,5.0,5,9,-4,2.0,0.9857,1,0.3286,23.581,2.0,18.5599,26.721,69.3174
2022,13,Hungarian Grand Prix,VET,Aston Martin,False,True,18.0,18,10,8,1.0,0.9857,2,0.2143,23.216,2.0,18.5599,26.721,69.3174
2022,13,Hungarian Grand Prix,STR,Aston Martin,False,True,14.0,14,11,3,0.0,0.9857,2,0.2,21.697,2.0,18.5599,26.721,69.3174
2022,13,Hungarian Grand Prix,GAS,AlphaTauri,False,True,19.0,21,12,9,0.0,0.9857,2,0.2286,21.582,2.0,18.5599,26.721,69.3174
2022,13,Hungarian Grand Prix,ZHO,Alfa Romeo,False,True,12.0,12,13,-1,0.0,0.9857,2,0.3857,25.2695,3.0,18.5599,26.721,69.3174
2022,13,Hungarian Grand Prix,MSC,Haas F1 Team,False,True,15.0,15,14,1,0.0,0.9857,2,0.3,22.7595,2.0,18.5599,26.721,69.3174
2022,13,Hungarian Grand Prix,RIC,McLaren,False,True,9.0,9,15,-6,0.0,0.9857,2,0.2143,21.5395,3.0,18.5599,26.721,69.3174
2022,13,Hungarian Grand Prix,MAG,Haas F1 Team,False,True,13.0,13,16,-3,0.0,0.9857,3,0.0857,25.3327,3.0,18.5599,26.721,69.3174
2022,13,Hungarian Grand Prix,ALB,Williams,False,True,17.0,17,17,0,0.0,0.9857,3,0.0286,25.7793,2.0,18.5599,26.721,69.3174
2022,13,Hungarian Grand Prix,LAT,Williams,False,True,20.0,19,18,1,0.0,0.9857,3,0.2571,24.3647,2.0,18.5599,26.721,69.3174
2022,13,Hungarian Grand Prix,TSU,AlphaTauri,False,True,16.0,16,19,-3,0.0,0.9714,3,0.1857,21.907,2.0,18.5599,26.721,69.3174
2022,13,Hungarian Grand Prix,BOT,Alfa Romeo,True,True,8.0,8,20,-12,0.0,0.9286,1,0.3714,22.272,2.0,18.5599,26.721,69.3174
2022,14,Belgian Grand Prix,VER,Red Bull,False,False,1.0,14,1,13,26.0,1.0,2,0.3409,22.602,2.0,21.7872,36.084,40.5192
2022,14,Belgian Grand Prix,PER,Red Bull,False,False,3.0,2,2,0,18.0,1.0,2,0.3182,22.4995,2.0,21.7872,36.084,40.5192
2022,14,Belgian Grand Prix,SAI,Ferrari,False,False,2.0,1,3,-2,15.0,1.0,2,0.25,22.6465,3.0,21.7872,36.084,40.5192
2022,14,Belgian Grand Prix,RUS,Mercedes,False,False,8.0,5,4,1,12.0,1.0,2,0.2955,22.901,2.0,21.7872,36.084,40.5192
2022,14,Belgian Grand Prix,ALO,Alpine F1 Team,False,False,6.0,3,5,-2,10.0,1.0,2,0.25,23.2975,2.0,21.7872,36.084,40.5192
2022,14,Belgian Grand Prix,LEC,Ferrari,False,False,4.0,15,6,9,8.0,1.0,3,0.0682,23.5737,2.0,21.7872,36.084,40.5192
2022,14,Belgian Grand Prix,OCO,Alpine F1 Team,False,False,5.0,16,7,9,6.0,1.0,2,0.2727,23.501,2.0,21.7872,36.084,40.5192
2022,14,Belgian Grand Prix,VET,Aston Martin,False,False,16.0,10,8,2,4.0,1.0,2,0.3182,23.0275,2.0,21.7872,36.084,40.5192
2022,14,Belgian Grand Prix,GAS,AlphaTauri,False,False,12.0,21,9,12,2.0,1.0,2,0.2273,22.6995,3.0,21.7872,36.084,40.5192
2022,14,Belgian Grand Prix,ALB,Williams,False,False,9.0,6,10,-4,1.0,1.0,2,0.2273,23.8745,2.0,21.7872,36.084,40.5192
2022,14,Belgian Grand Prix,STR,Aston Martin,False,False,14.0,9,11,-2,0.0,1.0,2,0.3409,23.452,2.0,21.7872,36.084,40.5192
2022,14,Belgian Grand Prix,NOR,McLaren,False,False,10.0,17,12,5,0.0,1.0,2,0.2955,23.298,2.0,21.7872,36.084,40.5192
2022,14,Belgian Grand Prix,TSU,AlphaTauri,False,False,19.0,21,13,8,0.0,1.0,2,0.4091,27.154,3.0,21.7872,36.084,40.5192
2022,14,Belgian Grand Prix,ZHO,Alfa Romeo,False,False,13.0,18,14,4,0.0,1.0,2,0.3182,23.554,2.0,21.7872,36.084,40.5192
2022,14,Belgian Grand Prix,RIC,McLaren,False,False,11.0,7,15,-8,0.0,1.0,2,0.2727,23.1155,2.0,21.7872,36.084,40.5192
2022,14,Belgian Grand Prix,MAG,Haas F1 Team,False,False,18.0,12,16,-4,0.0,0.9773,2,0.25,25.1055,2.0,21.7872,36.084,40.5192
2022,14,Belgian Grand Prix,MSC,Haas F1 Team,False,False,15.0,19,17,2,0.0,0.9773,2,0.3182,24.57,2.0,21.7872,36.084,40.5192
2022,14,Belgian Grand Prix,LAT,Williams,False,False,17.0,11,18,-7,0.0,0.9773,3,0.0682,27.8023,3.0,21.7872,36.084,40.5192
2022,15,Dutch Grand Prix,VER,Red Bull,False,False,1.0,1,1,0,26.0,1.0,4,0.25,18.253,3.0,22.7301,33.446,75.3804
2022,15,Dutch Grand Prix,RUS,Mercedes,False,False,6.0,6,2,4,18.0,1.0,3,0.4306,20.488,3.0,22.7301,33.446,75.3804
2022,15,Dutch Grand Prix,LEC,Ferrari,False,False,2.0,2,3,-1,15.0,1.0,4,0.2361,17.937,3.0,22.7301,33.446,75.3804
2022,15,Dutch Grand Prix,HAM,Mercedes,False,False,4.0,4,4,0,12.0,1.0,3,0.4028,17.455,2.0,22.7301,33.446,75.3804
2022,15,Dutch Grand Prix,PER,Red Bull,False,False,5.0,5,5,0,10.0,1.0,4,0.1944,17.734,3.0,22.7301,33.446,75.3804
2022,15,Dutch Grand Prix,ALO,Alpine F1 Team,False,False,13.0,13,6,7,8.0,1.0,3,0.1667,18.947,2.0,22.7301,33.446,75.3804
2022,15,Dutch Grand Prix,NOR,McLaren,False,False,7.0,7,7,0,6.0,1.0,3,0.2361,20.5613,3.0,22.7301,33.446,75.3804
2022,15,Dutch Grand Prix,SAI,Ferrari,False,False,3.0,3,8,-5,4.0,1.0,3,0.1944,23.454,3.0,22.7301,33.446,75.3804
2022,15,Dutch Grand Prix,OCO,Alpine F1 Team,False,False,12.0,12,9,3,2.0,1.0,3,0.25,18.366,2.0,22.7301,33.446,75.3804
2022,15,Dutch Grand Prix,STR,Aston Martin,False,False,10.0,10,10,0,1.0,1.0,4,0.2222,18.4195,3.0,22.7301,33.446,75.3804
2022,15,Dutch Grand Prix,GAS,AlphaTauri,False,False,11.0,11,11,0,0.0,1.0,4,0.1528,17.5085,3.0,22.7301,33.446,75.3804
2022,15,Dutch Grand Prix,ALB,Williams,False,False,15.0,15,12,3,0.0,1.0,4,0.2917,18.4645,3.0,22.7301,33.446,75.3804
2022,15,Dutch Grand Prix,MSC,Haas F1 Team,False,False,8.0,8,13,-5,0.0,1.0,4,0.1806,20.7635,3.0,22.7301,33.446,75.3804
2022,15,Dutch Grand Prix,VET,Aston Martin,False,False,19.0,19,14,5,0.0,1.0,4,0.125,18.6512,3.0,22.7301,33.446,75.3804
2022,15,Dutch Grand Prix,MAG,Haas F1 Team,False,False,18.0,18,15,3,0.0,1.0,4,0.1944,20.5832,3.0,22.7301,33.446,75.3804
2022,15,Dutch Grand Prix,ZHO,Alfa Romeo,False,False,14.0,14,16,-2,0.0,1.0,4,0.1667,19.8242,2.0,22.7301,33.446,75.3804
2022,15,Dutch Grand Prix,RIC,McLaren,False,False,17.0,17,17,0,0.0,1.0,5,0.1528,18.7238,3.0,22.7301,33.446,75.3804
2022,15,Dutch Grand Prix,LAT,Williams,False,False,20.0,20,18,2,0.0,0.9861,4,0.1806,18.8818,3.0,22.7301,33.446,75.3804
2022,15,Dutch Grand Prix,BOT,Alfa Romeo,True,False,16.0,16,19,-3,0.0,0.7361,2,0.2222,20.395,2.0,22.7301,33.446,75.3804
2022,15,Dutch Grand Prix,TSU,AlphaTauri,True,False,9.0,9,20,-11,0.0,0.5972,3,0.1806,30.2503,3.0,22.7301,33.446,75.3804
2023,1,Bahrain Grand Prix,VER,Red Bull,False,False,1.0,1,1,0,25.0,1.0,2,0.2456,24.5995,2.0,27.4317,31.0118,21.4969
2023,1,Bahrain Grand Prix,PER,Red Bull,False,False,2.0,2,2,0,18.0,1.0,2,0.2982,24.6775,2.0,27.4317,31.0118,21.4969
2023,1,Bahrain Grand Prix,ALO,Aston Martin,False,False,5.0,5,3,2,15.0,1.0,2,0.2456,25.3345,2.0,27.4317,31.0118,21.4969
2023,1,Bahrain Grand Prix,SAI,Ferrari,False,False,4.0,4,4,0,12.0,1.0,2,0.2281,24.3635,2.0,27.4317,31.0118,21.4969
2023,1,Bahrain Grand Prix,HAM,Mercedes,False,False,7.0,7,5,2,10.0,1.0,2,0.2105,24.686,2.0,27.4317,31.0118,21.4969
2023,1,Bahrain Grand Prix,STR,Aston Martin,False,False,8.0,8,6,2,8.0,1.0,2,0.2632,25.044,2.0,27.4317,31.0118,21.4969
2023,1,Bahrain Grand Prix,RUS,Mercedes,False,False,6.0,6,7,-1,6.0,1.0,2,0.2281,25.734,2.0,27.4317,31.0118,21.4969
2023,1,Bahrain Grand Prix,BOT,Alfa Romeo,False,False,12.0,12,8,4,4.0,1.0,2,0.193,25.521,2.0,27.4317,31.0118,21.4969
2023,1,Bahrain Grand Prix,GAS,Alpine F1 Team,False,False,20.0,20,9,11,2.0,1.0,3,0.1579,25.1667,2.0,27.4317,31.0118,21.4969
2023,1,Bahrain Grand Prix,ALB,Williams,False,False,15.0,15,10,5,1.0,1.0,3,0.193,24.8107,2.0,27.4317,31.0118,21.4969
2023,1,Bahrain Grand Prix,TSU,AlphaTauri,False,False,14.0,14,11,3,0.0,1.0,3,0.1754,25.1523,2.0,27.4317,31.0118,21.4969
2023,1,Bahrain Grand Prix,SAR,Williams,False,False,16.0,16,12,4,0.0,0.9825,3,0.2105,25.439,2.0,27.4317,31.0118,21.4969
2023,1,Bahrain Grand Prix,MAG,Haas F1 Team,False,False,17.0,17,13,4,0.0,0.9825,3,0.2632,25.3027,2.0,27.4317,31.0118,21.4969
2023,1,Bahrain Grand Prix,DEV,AlphaTauri,False,False,19.0,19,14,5,0.0,0.9825,2,0.193,25.126,2.0,27.4317,31.0118,21.4969
2023,1,Bahrain Grand Prix,HUL,Haas F1 Team,False,False,10.0,10,15,-5,0.0,0.9825,3,0.193,30.308,2.0,27.4317,31.0118,21.4969
2023,1,Bahrain Grand Prix,ZHO,Alfa Romeo,False,False,13.0,13,16,-3,0.0,0.9825,3,0.2105,27.0787,2.0,27.4317,31.0118,21.4969
2023,1,Bahrain Grand Prix,NOR,McLaren,False,False,11.0,11,17,-6,0.0,0.9649,6,0.1754,32.5557,3.0,27.4317,31.0118,21.4969
2023,1,Bahrain Grand Prix,OCO,Alpine F1 Team,True,False,9.0,9,18,-9,0.0,0.7193,3,0.2105,36.982,2.0,27.4317,31.0118,21.4969
2023,1,Bahrain Grand Prix,LEC,Ferrari,True,False,3.0,3,19,-16,0.0,0.6842,2,0.2281,24.4945,2.0,27.4317,31.0118,21.4969
